abbrev_org,name_org,date de création,GPS_siege,longitude_siege,point_palladio,latitude_siege,nom_siege,members,nombre_pays_membres,population_org,soldats_org,mortsGuerre_org,depensesMilitairesPIB_org,exportations_org,importations_org,superficie_org
ACP,"African, Caribbean, and Pacific Countries",1976-04-01,,,,,,"Micronesia\Federated States Of\Guinea-Bissa\Ethiopia\Swaziland\Bahamas\The\Burkina Faso\Rwanda\Congo\Republic Of The\Cape Verde\Dominica\Liberia\Tanzania\Saint Kitts And Nevis\Gabon\Niue\Senegal\Jamaica\Samoa\Madagascar\Lesotho\Saint Vincent And The Grenadines\Kenya\Mauritania\Solomon Islands\Saint Lucia\Congo\Democratic Republic Of The\Tonga\Somalia\Naur\Seychelles\Malawi\Cook Islands\Benin\Cuba\Cameroon\Togo\Dominican Republic\Ghana\Central African Republic\Mauritius\Antigua And Barbuda\Angola\Chad\South Africa\Uganda\Niger\Guinea\Mali\Pala\Nigeria\Tuval\Marshall Islands\Kiribati\Haiti\Belize\Sierra Leone\Sao Tome And Principe\Grenada\Equatorial Guinea\Djibouti\Timor-Leste\Burundi\Fiji\Barbados\Sudan\Suriname\Zambia\Mozambique\Papua New Guinea\Zimbabwe\Vanuat\u""Cote DIvoire""\Eritrea\Guyana\Botswana\Trinidad And Tobago\Gambia\The\Namibia\Comoros",84,916970122,1649812,3915,58.814791814334264,31201.312202999994,27193.5545475,2.54589666E7
AfDB,African Development Bank,1963-08-04,POINT(-4.026666666 5.336388888),-4.026666666000001,"5.336388888, -4.026666666",5.336388888,Abidjan,"Canada\Guinea-Bissa\Ethiopia\Swaziland\Argentina\Burkina Faso\Saudi Arabia\Rwanda\Congo\Republic Of The\Japan\Cape Verde\Kuwait\Liberia\Tanzania\Gabon\Senegal\India\Madagascar\Lesotho\Kenya\Mauritania\Congo\Democratic Republic Of The\France\Somalia\Seychelles\Norway\Malawi\Benin\Cameroon\Togo\China\Ghana\Finland\Libya\Central African Republic\Mauritius\United States\Angola\Chad\South Africa\Sweden\Austria\Uganda\Niger\Brazil\Guinea\Mali\Nigeria\Algeria\Belgium\Sierra Leone\Denmark\Sao Tome And Principe\Morocco\Switzerland\Portugal\Equatorial Guinea\Korea\South\Tunisia\Djibouti\Spain\Burundi\Italy\Sudan\Netherlands\Zambia\Mozambique\Zimbabwe\Germany\u""Cote DIvoire""\Eritrea\Egypt\Botswana\United Kingdom\Gambia\The\Namibia\Comoros",81,4753995890,12230938,8377,102.21414166036155,33705.2922411,30135.6581456,8.0085719E7
ACCT,Agency for Cultural and Technical Cooperation,1970-03-21,,,,,,,0,0,0,0,0.0,0.0,0.0,0.0
OPANAL,Agency for the Prohibition of Nuclear Weapons in Latin America and the Caribbean,1967-02-14,,,,,,Argentina\Bolivia\Bahamas\The\Guatemala\Dominica\Saint Kitts And Nevis\Jamaica\Uruguay\Saint Vincent And The Grenadines\Saint Lucia\Per\Cuba\Dominican Republic\Antigua And Barbuda\Brazil\Panama\Costa Rica\Ecuador\El Salvador\Chile\Haiti\Belize\Mexico\Grenada\Colombia\Barbados\Suriname\Venezuela\Guyana\Honduras\Nicaragua\Trinidad And Tobago\Paraguay,34,591662155,2332597,202,27.435587113974016,10445.884377820003,9011.593949499997,2.04382166E7
AG,Andean Group,1969-05-26,POINT(-77.033333333 -12.05),-77.033333333,"-12.05, -77.033333333",-12.05,Lima,,0,0,0,0,0.0,0.0,0.0,0.0
ABEDA,Arab Bank for Economic Development in Africa,1974-02-18,POINT(32.52654 15.60308),32.526540000000004,"15.60308, 32.52654",15.603079999999999,Khartoum,Bahrain\Saudi Arabia\Kuwait\Oman\United Arab Emirates\Mauritania\Libya\Qatar\Algeria\Jordan\Morocco\Iraq\Lebanon\Tunisia\Sudan\Syria\Egypt,17,317134585,2289710,6513,48.22641831012741,7363.757893,6509.734815300001,1.2585597E7
ACC,Arab Cooperation Council,1989-02-16,,,,,,,0,0,0,0,0.0,0.0,0.0,0.0
AFESD,Arab Fund for Economic and Social Development,1968-05-16,POINT(47.98 29.375),47.98,"29.375, 47.98",29.375,Kuwait City,Bahrain\Saudi Arabia\Kuwait\Oman\Yemen\United Arab Emirates\Mauritania\Somalia\Libya\Qatar\Algeria\Jordan\Morocco\Iraq\Lebanon\Tunisia\Djibouti\Sudan\Syria\Egypt,20,351950791,2305860,8450,48.22641831012741,7926.5455397,7106.853964300001,1.3774422E7
AL,Arab League,1945-03-22,POINT(31.234722 30.044167),31.234721999999998,"30.044167, 31.234722",30.044166999999998,Headquarters of the Arab League,,0,0,0,0,0.0,0.0,0.0,0.0
AMU,Arab Maghreb Union,1989-02-17,POINT(-6.836111111 34.025277777),-6.836111111,"34.025277777, -6.836111111",34.025277777,Rabat,Mauritania\Libya\Algeria\Morocco\Tunisia,5,87472078,631650,4037,9.1844756703692,1855.0840032,1936.2299409,5782141.0
AMF,Arab Monetary Fund,1976-04-27,POINT(54.368611111 24.478055555),54.36861111100001,"24.478055555, 54.368611111",24.478055555,Abu Dhabi,Bahrain\Saudi Arabia\Kuwait\Oman\Yemen\United Arab Emirates\Mauritania\Somalia\Libya\Qatar\Algeria\Jordan\Morocco\Iraq\Lebanon\Tunisia\Djibouti\Sudan\Syria\Egypt\Comoros,21,352745474,2305860,8450,48.22641831012741,8116.172065199999,7747.434982800001,1.3776657E7
APEC,Asia Pacific Economic Cooperation,1989-11-07,POINT(103.8 1.3),103.8,"1.3, 103.8",1.3,Singapore,Canada\Japan\Vietnam\New Zealand\Per\China\Russia\United States\Malaysia\Brunei\Australia\Chile\Hong Kong\Mexico\Philippines\Thailand\Korea\South\Taiwan\Indonesia\Papua New Guinea\Singapore,22,2758839484,7604836,512,26.458049485048576,5588.8320089,5593.8074372,6.2883938E7
AsDB,Asian Development Bank,1966-12-19,POINT(120.977222222 14.595833333),120.97722222200001,"14.595833333, 120.977222222",14.595833333,Manila,,0,0,0,0,0.0,0.0,0.0,0.0
ASEAN,Association of Southeast Asian Nations,1967-08-09,POINT(106.84513 -6.21462),106.84513000000001,"-6.21462, 106.84513",-6.21462,Jakarta,Canada\Cambodia\Japan\Pakistan\Vietnam\New Zealand\European Union\India\Laos\China\Russia\United States\Malaysia\Brunei\Australia\Philippines\Thailand\Korea\South\Timor-Leste\Indonesia\Papua New Guinea\Burma\Singapore,24,4514042805,12935446,3818,31.65246200992635,5766.380082400001,6266.971883300001,6.8358588E7
Mekong Group,ASEAN-Mekong Basin Development Group,1995-12-01,,,,,,,0,0,0,0,0.0,0.0,0.0,0.0
ANZUS,Australia-New Zealand-United States Security Treaty,1951-09-01,,,,,,New Zealand\United States\Australia,3,339289102,1585700,0,7.64037137673944,898.3205501,787.5041169,1.7835605E7
BIS,Bank for International Settlements,1930-01-20,POINT(7.590555555 47.560555555),7.590555555,"47.560555555, 7.590555555",47.560555555,Basel,Canada\Lithuania\Argentina\Saudi Arabia\Japan\New Zealand\European Union\India\Turkey\France\Slovakia\Norway\China\Finland\Poland\Russia\Bulgaria\United States\Romania\South Africa\Sweden\Malaysia\Austria\Latvia\Brazil\Ireland\Czech Republic\Australia\Algeria\Slovenia\Chile\Belgium\Hong Kong\Mexico\Denmark\Philippines\Croatia\Thailand\Switzerland\Portugal\Estonia\Korea\South\Spain\Hungary\Italy\Netherlands\Bosnia And Herzegovina\Israel\Indonesia\Iceland\Germany\Macedonia\Singapore\Serbia\United Kingdom\Greece,57,5264591106,16188708,1689,89.53386565957153,17885.743689000003,16786.647659,9.1223072E7
Benelux,Benelux Economic Union,1958-02-03,POINT(4.3525 50.846666666),4.3525,"50.846666666, 4.3525",50.846666666000004,Brussels,Luxembourg\Belgium\Netherlands,3,27781786,78860,0,2.760109638437439,789.6822427,793.2130875,74657.0
BSEC,Black Sea Economic Cooperation Zone,1992-06-25,POINT(28.960277777 41.01),28.960277776999998,"41.01, 28.960277777",41.01,Istanbul,Albania\Azerbaijan\Turkey\France\Slovakia\Armenia\Ukraine\Belarus\Poland\Russia\Bulgaria\United States\Romania\Austria\Czech Republic\Georgia\Moldova\Croatia\Tunisia\Italy\Israel\Germany\Egypt\Serbia\Greece,25,1030566570,4390994,477,49.46026794730817,11100.177539,9694.508710799999,3.2303716E7
Caricom,Caribbean Community and Common Market,1973-07-04,POINT(-58.166666666 6.783333333),-58.166666666000005,"6.783333333, -58.166666666",6.783333333,Georgetown,Aruba\Bahamas\The\Dominica\Saint Kitts And Nevis\Jamaica\Saint Vincent And The Grenadines\Saint Lucia\Bermuda\Dominican Republic\Cayman Islands\Antigua And Barbuda\British Virgin Islands\Turks And Caicos Islands\Puerto Rico\Haiti\Belize\Mexico\Grenada\Colombia\Barbados\Suriname\Anguilla\Venezuela\Montserrat\Guyana\Trinidad And Tobago,27,216906623,822034,202,8.018797639126277,3882.71497305,3914.2057080000004,4542322.6
CDB,Caribbean Development Bank,1969-10-18,POINT(-59.603055555 13.118055555),-59.603055555,"13.118055555, -59.603055555",13.118055555,Saint Michael,Canada\Bahamas\The\Dominica\Saint Kitts And Nevis\Jamaica\Saint Vincent And The Grenadines\Saint Lucia\China\Cayman Islands\Antigua And Barbuda\British Virgin Islands\Turks And Caicos Islands\Haiti\Belize\Mexico\Grenada\Colombia\Barbados\Italy\Anguilla\Venezuela\Germany\Montserrat\Guyana\United Kingdom\Trinidad And Tobago,27,1778229665,4520594,202,15.500754374389148,4468.593264059999,4711.301521400001,2.47994116E7
UDEAC,Central African Customs and Economic Union,1964-12-08,,,,,,,0,0,0,0,0.0,0.0,0.0,0.0
BDEAC,Central African States Development Bank,1975-12-03,POINT(11.518055555 3.857777777),11.518055555,"3.857777777, 11.518055555",3.857777777,Yaoundé,Congo\Republic Of The\Kuwait\Gabon\France\Cameroon\Central African Republic\Chad\Equatorial Guinea,9,109816959,423970,48,15.810082192340788,5301.7329283,4259.3643308,3589460.0
BCIE,Central American Bank for Economic Integration,1960-12-13,POINT(-87.206666666 14.094166666),-87.206666666,"14.094166666, -87.206666666",14.094166666,Tegucigalpa y Comayagüela,Argentina\Guatemala\Dominican Republic\Panama\Costa Rica\El Salvador\Mexico\Spain\Colombia\Taiwan\Honduras\Nicaragua,12,321745832,1257924,202,9.471833809237303,4523.557586500001,3445.6799696000003,6972615.0
CACM,Central American Common Market,1960-12-13,POINT(-89.191388888 13.698888888),-89.19138888799999,"13.698888888, -89.191388888",13.698888887999999,San Salvador,Guatemala\Costa Rica\El Salvador\Honduras\Nicaragua,5,38282664,116400,0,3.1600822654195113,1449.9228220999998,1408.3067415,423490.0
CEI,Central European Initiative,1991-07-27,POINT(13.804166666 45.636111111),13.804166665999999,"45.636111111, 13.804166666",45.636111111000005,Trieste,Albania\Slovakia\Montenegro\Ukraine\Belarus\Poland\Bulgaria\Romania\Austria\Czech Republic\Slovenia\Moldova\Croatia\Hungary\Italy\Bosnia And Herzegovina\Macedonia\Serbia,18,245494223,1252630,0,22.356212888087665,7398.1561123,6606.419510599999,2386908.0
CP,Colombo Plan,1951-07-01,POINT(79.833333333 6.916666666),79.833333333,"6.916666666, 79.833333333",6.916666666,Colombo,Japan\Maldives\Pakistan\Vietnam\New Zealand\India\Afghanistan\Bangladesh\Laos\United States\Malaysia\Brunei\Australia\Iran\Philippines\Mongolia\Thailand\Korea\South\Fiji\Bhutan\Nepal\Indonesia\Papua New Guinea\Sri Lanka\Burma\Singapore,27,2818380226,8524636,11211,35.013645416320614,7373.6173343,8783.119042,3.143632E7
C,Commonwealth,1931-12-31,POINT(-0.135833333 51.505),-0.135833333,"51.505, -0.135833333",51.505,Marlborough House,Canada\Swaziland\Bahamas\The\Rwanda\Dominica\Maldives\Pakistan\Tanzania\Saint Kitts And Nevis\New Zealand\Jamaica\Samoa\India\Lesotho\Saint Vincent And The Grenadines\Kenya\Bangladesh\Solomon Islands\Saint Lucia\Tonga\Naur\Seychelles\Malawi\Cameroon\Ghana\Mauritius\Antigua And Barbuda\South Africa\Cyprus\Malaysia\Uganda\Nigeria\Brunei\Australia\Tuval\Kiribati\Belize\Sierra Leone\Grenada\Fiji\Barbados\Malta\Zambia\Mozambique\Papua New Guinea\Vanuat\Sri Lanka\Guyana\Singapore\Botswana\United Kingdom\Trinidad And Tobago\Gambia\The\Namibia,56,2176879162,5141842,3622,52.1224805077312,18979.489650420008,17790.286089599995,3.15357796E7
CIS,Commonwealth of Independent States,1991-12-08,POINT(30.375833333 59.947777777),30.375833333000003,"59.947777777, 30.375833333",59.947777777,Tauride Palace,Turkmenistan\Azerbaijan\Tajikistan\Armenia\Ukraine\Belarus\Russia\Moldova\Uzbekistan\Kazakhstan\Kyrgyzstan,11,270969995,694894,28,14.449005862823975,6041.497842999999,5147.706298600001,2.2063037E7
CAEU,Council of Arab Economic Unity,1957-06-03,POINT(31.239444444 30.056111111),31.239444444,"30.056111111, 31.239444444",30.056111111,Cairo,Kuwait\Yemen\United Arab Emirates\Mauritania\Somalia\Libya\Jordan\Iraq\Sudan\Syria\Egypt,11,238235749,1274850,8183,16.800903098584307,3720.0635246,3483.2865308,8277385.0
CE,Council of Europe,1949-05-05,POINT(7.77194444 48.595),7.77194444,"48.595, 7.77194444",48.595,Palace of Europe,Lithuania\Monaco\Albania\Azerbaijan\Turkey\France\Slovakia\Norway\Montenegro\Armenia\Ukraine\Finland\Liechtenstein\Poland\Russia\Bulgaria\Romania\Cyprus\Sweden\Austria\Latvia\San Marino\Luxembourg\Andorra\Ireland\Czech Republic\Slovenia\Belgium\Georgia\Denmark\Moldova\Croatia\Switzerland\Portugal\Estonia\Spain\Hungary\Italy\Malta\Netherlands\Bosnia And Herzegovina\Iceland\Germany\Macedonia\Serbia\United Kingdom\Greece,47,820833956,3273084,421,61.94768449016649,16750.567206900003,14498.415963399999,2.3758622E7
CBSS,Council of the Baltic Sea States,1992-03-05,POINT(18.068611111 59.329444444),18.068611111,"59.329444444, 18.068611111",59.329444443999996,Stockholm,Lithuania\European Union\France\Slovakia\Norway\Ukraine\Finland\Belarus\Poland\Russia\United States\Romania\Sweden\Latvia\Denmark\Estonia\Spain\Italy\Netherlands\Iceland\Germany\United Kingdom,22,1430899747,5774910,0,31.582030045259202,6853.398106100001,6308.974052399999,3.6094798E7
Entente,Council of the Entente,1959-05-29,POINT(-4.026666666 5.336388888),-4.026666666000001,"5.336388888, -4.026666666",5.336388888,Abidjan,"Burkina Faso\Benin\Togo\Niger\u""Cote DIvoire""",5,70821528,40900,98,5.56790186387943,2597.7516072999997,1955.5670062999998,2033070.0
CCC,Customs Cooperation Council,1950-12-15,,,,,,,0,0,0,0,0.0,0.0,0.0,0.0
EADB,East African Development Bank,1967-06-06,POINT(32.581111111 0.313611111),32.581111111,"0.313611111, 32.581111111",0.313611111,Kampala,Rwanda\Tanzania\Kenya\Uganda,4,129800229,139300,2,6.495207143094712,2389.1078591,2507.8420155999997,1795043.0
ESCAP,Economic and Social Commission for Asia and the Pacific,1947-03-28,,,,,,Solomon Islands,0,571890,0,0,0.0,606.1479449,509.2717391,28896.0
ESCWA,Economic and Social Commission for Western Asia,1973-08-09,,,,,,,0,0,0,0,0.0,0.0,0.0,0.0
ECA,Economic Commission for Africa,1958-04-29,,,,,,,0,0,0,0,0.0,0.0,0.0,0.0
ECE,Economic Commission for Europe,1947-03-28,,,,,,,0,0,0,0,0.0,0.0,0.0,0.0
ECLAC,Economic Commission for Latin America and the Caribbean,1948-02-25,,,,,,,0,0,0,0,0.0,0.0,0.0,0.0
CEEAC,Economic Community of Central African States,1983-10-18,POINT(9.4544 0.3901),9.4544,"0.3901, 9.4544",0.3901,Libreville,,0,0,0,0,0.0,0.0,0.0,0.0
CEPGL,Economic Community of the Great Lakes Countries,1976-09-26,,,,,,Rwanda\Congo\Democratic Republic Of The\Burundi,4,93299482,86050,0,1.16123941493457,1122.7074905,1465.0004994,2399026.0
ECOWAS,Economic Community of West African States,1975-05-28,POINT(3.4 6.45),3.4,"6.45, 3.4",6.45,Lagos,"Guinea-Bissa\Burkina Faso\Cape Verde\Liberia\Senegal\Benin\Togo\Ghana\Niger\Guinea\Mali\Nigeria\Sierra Leone\u""Cote DIvoire""\Gambia\The",16,301293956,281250,465,12.90423230613093,8615.1646059,6160.956338600001,5112704.0
ECO,Economic Cooperation Organization,1985-01-01,POINT(51.416666666 35.7),51.416666666000005,"35.7, 51.416666666",35.7,Tehran,Turkmenistan\Pakistan\Azerbaijan\Tajikistan\Turkey\Afghanistan\Iran\Uzbekistan\Kazakhstan\Kyrgyzstan,10,444090373,2157900,10715,13.970393282868459,5123.7666103,4289.5344791,7970133.0
EBRD,European Bank for Reconstruction and Development,1991-04-15,POINT(-0.1275 51.507222222),-0.1275,"51.507222222, -0.1275",51.507222221999996,London,Canada\Lithuania\Turkmenistan\Japan\New Zealand\European Union\Albania\Azerbaijan\Tajikistan\Turkey\France\Slovakia\Norway\Montenegro\Armenia\Ukraine\Finland\Liechtenstein\Belarus\Poland\Russia\Bulgaria\United States\Romania\Cyprus\Sweden\Austria\Latvia\Luxembourg\Ireland\Czech Republic\Australia\Slovenia\Belgium\Georgia\Mexico\Denmark\Moldova\Morocco\Croatia\Mongolia\Switzerland\Portugal\Estonia\Korea\South\Uzbekistan\Spain\Hungary\Italy\Malta\Netherlands\Bosnia And Herzegovina\Israel\Iceland\Germany\Kazakhstan\Kyrgyzstan\Macedonia\Egypt\Serbia\United Kingdom\Greece,63,2171443395,8467000,505,87.56875800673721,22020.472239599996,19951.1913773,6.5589095E7
EFTA,European Free Trade Association,1960-01-04,POINT(6.15 46.2),6.15,"46.2, 6.15",46.2,Geneva,Norway\Liechtenstein\Switzerland\Iceland,4,12678104,47730,0,2.160819829727515,840.0929527000001,703.2950701,468239.0
EIB,European Investment Bank,1957-03-25,POINT(6.132777777 49.610555555),6.132777777,"49.610555555, 6.132777777",49.610555555,Luxembourg,Lithuania\France\Slovakia\Finland\Poland\Bulgaria\Romania\Cyprus\Sweden\Austria\Latvia\Luxembourg\Ireland\Czech Republic\Slovenia\Belgium\Denmark\Portugal\Estonia\Spain\Hungary\Italy\Malta\Netherlands\Germany\United Kingdom\Greece,27,502957601,2132880,0,34.95566760478656,8847.689557999998,7935.367400700001,4331066.0
CERN,European Organization for Nuclear Research,1953-07-01,POINT(6.081944444 46.255555555),6.0819444439999995,"46.255555555, 6.081944444",46.255555555,Prévessin-Moëns,Japan\European Union\India\Turkey\France\Slovakia\Norway\Finland\Poland\Russia\Bulgaria\United States\Sweden\Austria\Czech Republic\Belgium\Denmark\Switzerland\Portugal\Spain\Hungary\Italy\Netherlands\Israel\Germany\United Kingdom\Greece,27,2823924900,9352316,910,45.84885028250035,7525.444354100002,7235.6651392,3.9899147E7
ESA,European Space Agency,1973-07-31,POINT(-52.760555555 5.237222222),-52.760555555,"5.237222222, -52.760555555",5.237222222,Guiana Space Centre,France\Norway\Finland\Poland\Romania\Sweden\Austria\Luxembourg\Ireland\Czech Republic\Slovenia\Belgium\Denmark\Switzerland\Portugal\Estonia\Spain\Hungary\Italy\Netherlands\Germany\United Kingdom\Greece,23,495449661,2089560,0,31.50136395994254,7016.025791900001,6452.632704199998,4396775.0
EU,European Union,1992-02-07,POINT(4.3525 50.846666666),4.3525,"50.846666666, 4.3525",50.846666666000004,Brussels,Lithuania\Turkey\France\Slovakia\Finland\Poland\Bulgaria\Romania\Cyprus\Sweden\Austria\Latvia\Luxembourg\Ireland\Czech Republic\Slovenia\Belgium\Denmark\Croatia\Portugal\Estonia\Spain\Hungary\Italy\Malta\Netherlands\Iceland\Germany\Macedonia\United Kingdom\Greece,31,588615339,2767460,421,38.807395307099654,9915.686883400002,8851.6223841,5299935.0
FAO,Food and Agriculture Organization,1945-10-16,POINT(12.482777777 41.893055555),12.482777777,"41.893055555, 12.482777777",41.893055555,Rome,"Canada\Micronesia\Federated States Of\Guinea-Bissa\Lithuania\Cambodia\Ethiopia\Swaziland\Argentina\Bolivia\Bahamas\The\Burkina Faso\Turkmenistan\Bahrain\Saudi Arabia\Rwanda\Congo\Republic Of The\Japan\Cape Verde\Guatemala\Kuwait\Dominica\Liberia\Maldives\Pakistan\Oman\Tanzania\Vietnam\Saint Kitts And Nevis\Gabon\Niue\Monaco\Senegal\New Zealand\Yemen\European Union\Jamaica\Albania\Samoa\United Arab Emirates\Uruguay\India\Azerbaijan\Madagascar\Lesotho\Saint Vincent And The Grenadines\Kenya\Tajikistan\Turkey\Afghanistan\Bangladesh\Mauritania\Solomon Islands\Saint Lucia\Congo\Democratic Republic Of The\Tonga\France\Slovakia\Somalia\Per\Laos\Naur\Seychelles\Norway\Malawi\Cook Islands\Benin\Cuba\Cameroon\Montenegro\Togo\China\Armenia\Dominican Republic\Ukraine\Ghana\Finland\Libya\Central African Republic\Mauritius\Belarus\Antigua And Barbuda\Poland\Russia\Bulgaria\United States\Romania\Angola\Chad\South Africa\Cyprus\Sweden\Qatar\Malaysia\Austria\Latvia\Uganda\Niger\Brazil\San Marino\Guinea\Panama\Mali\Costa Rica\Luxembourg\Andorra\Ireland\Pala\Nigeria\Ecuador\Czech Republic\Australia\Iran\Algeria\Slovenia\El Salvador\Tuval\Jordan\Marshall Islands\Chile\Belgium\Kiribati\Haiti\Belize\Sierra Leone\Georgia\Mexico\Denmark\Philippines\Sao Tome And Principe\Moldova\Morocco\Croatia\Mongolia\Thailand\Switzerland\Grenada\Korea\North\Iraq\Portugal\Estonia\Equatorial Guinea\Lebanon\Korea\South\Uzbekistan\Tunisia\Djibouti\Timor-Leste\Spain\Colombia\Burundi\Fiji\Barbados\Hungary\Italy\Bhutan\Sudan\Nepal\Malta\Netherlands\Bosnia And Herzegovina\Suriname\Venezuela\Israel\Indonesia\Iceland\Zambia\Mozambique\Papua New Guinea\Zimbabwe\Germany\Vanuat\Kazakhstan\u""Cote DIvoire""\Eritrea\Kyrgyzstan\Macedonia\Sri Lanka\Guyana\Syria\Burma\Honduras\Egypt\Nicaragua\Serbia\Botswana\United Kingdom\Trinidad And Tobago\Gambia\The\Greece\Paraguay\Namibia\Comoros",199,7372143005,23394609,20944,234.39831430218848,72325.757128,65420.6012405,1.379989806E8
FZ,Franc Zone,1945-12-20,,,,,,"Guinea-Bissa\Burkina Faso\Congo\Republic Of The\Gabon\Senegal\France\Benin\Cameroon\Togo\Central African Republic\Chad\Niger\Mali\Equatorial Guinea\u""Cote DIvoire""\Comoros",17,207237922,479470,189,22.314010154874644,8664.682924100001,7704.4990986,7079986.0
G-2,Group of 2,,,,,,,,0,0,0,0,0.0,0.0,0.0,0.0
G-3,Group of 3,1990-10-01,,,,,,Mexico\Colombia,2,158449769,769974,202,3.620978704965524,646.47179,671.2061383,3103285.0
G-5,Group of 5,1985-09-22,,,,,,Japan\France\United States\Germany\United Kingdom,5,649190153,2474086,0,11.389678237116158,989.5634503,1066.2682382,1.1356722E7
G-6,Group of 6,1984-05-22,,,,,,,0,0,0,0,0.0,0.0,0.0,0.0
G-7,Group of 7,1985-09-22,,,,,,Canada\Japan\France\United States\Italy\Germany\United Kingdom,7,744237546,2907336,0,14.071898350471319,1370.2806397,1489.7210295,2.1642732E7
G-8,Group of 8,1975-10-01,,,,,,Canada\Japan\European Union\France\Russia\United States\Italy\Germany\United Kingdom,9,1375364782,5077666,0,15.687317986861899,1370.2806397,1489.7210295,4.3065756E7
G-9,Group of 9,,,,,,,Finland\Romania\Sweden\Austria\Belgium\Denmark\Hungary\Serbia,8,77717791,338000,0,10.23468391118217,2809.1049021,2663.3583294000005,1354826.0
G-10,Group of 10,1962-10-01,,,,,,Canada\Japan\European Union\France\United States\Sweden\Belgium\Switzerland\Italy\Netherlands\Germany\United Kingdom,12,1280632063,5199416,0,19.85198050275765,2417.088177,2522.2335513000003,2.6531157E7
G-11,Group of 11,1984-06-22,,,,,,Pakistan\Ecuador\El Salvador\Jordan\Georgia\Morocco\Croatia\Tunisia\Indonesia\Sri Lanka\Honduras\Paraguay,12,548096912,2440383,2863,28.19199065160685,4002.5348658000007,5177.6195109,4415514.0
G-15,Group of 15,,POINT(6.15 46.2),6.15,"46.2, 6.15",46.2,Geneva,Argentina\Senegal\Jamaica\India\Kenya\Per\Malaysia\Brazil\Nigeria\Iran\Algeria\Chile\Mexico\Venezuela\Indonesia\Zimbabwe\Sri Lanka\Egypt,18,2336344423,5704210,1051,24.556112081745358,5333.6318037,6118.346108999998,2.89343E7
G-19,Group of 19,1975-10-01,,,,,,,0,0,0,0,0.0,0.0,0.0,0.0
G-24,Group of 24,1972-01-01,,,,,,"Ethiopia\Argentina\Guatemala\Pakistan\Gabon\India\Congo\Democratic Republic Of The\Per\China\Ghana\South Africa\Brazil\Nigeria\Iran\Algeria\Mexico\Philippines\Lebanon\Colombia\Venezuela\u""Cote DIvoire""\Sri Lanka\Syria\Egypt\Trinidad And Tobago",26,3948242169,9549886,4588,34.44520251340873,9003.4498154,8868.3748304,4.2403419E7
G-77,Group of 77,1967-10-01,POINT(-73.968055555 40.749444444),-73.968055555,"40.749444444, -73.968055555",40.749444444,Q11297,"Micronesia\Federated States Of\Guinea-Bissa\Cambodia\Ethiopia\Swaziland\Argentina\Bolivia\Bahamas\The\Burkina Faso\Turkmenistan\Bahrain\Saudi Arabia\Rwanda\Congo\Republic Of The\Cape Verde\Guatemala\Kuwait\Dominica\Liberia\Maldives\Pakistan\Oman\Vietnam\Saint Kitts And Nevis\Gabon\Senegal\Yemen\Jamaica\Samoa\United Arab Emirates\Uruguay\India\Madagascar\Lesotho\Saint Vincent And The Grenadines\Kenya\Tajikistan\Afghanistan\Bangladesh\Mauritania\Solomon Islands\Saint Lucia\Congo\Democratic Republic Of The\Tonga\Somalia\Per\Laos\Seychelles\Malawi\Benin\Cuba\Cameroon\Togo\China\Dominican Republic\Ghana\Libya\Central African Republic\Mauritius\Antigua And Barbuda\Angola\Chad\South Africa\Qatar\Malaysia\Uganda\Niger\Brazil\Guinea\Panama\Mali\Costa Rica\Nigeria\Ecuador\Brunei\Iran\Algeria\El Salvador\Jordan\Marshall Islands\Chile\Haiti\Belize\Sierra Leone\Philippines\Sao Tome And Principe\Morocco\Mongolia\Thailand\Grenada\Korea\North\Iraq\Equatorial Guinea\Lebanon\Tunisia\Djibouti\Timor-Leste\Colombia\Burundi\Fiji\Barbados\Bhutan\Sudan\Nepal\Bosnia And Herzegovina\Suriname\Venezuela\Indonesia\Zambia\Mozambique\Papua New Guinea\Zimbabwe\Vanuat\u""Cote DIvoire""\Eritrea\Sri Lanka\Guyana\Syria\Burma\Honduras\Egypt\Nicaragua\Singapore\Botswana\Trinidad And Tobago\Gambia\The\Paraguay\Namibia\Comoros",135,5297257853,15358659,20467,155.51144735910495,51589.26232491999,47129.12760389999,7.51613766E7
GCC,Gulf Cooperation Council,1981-05-25,POINT(46.71 24.65),46.71,"24.65, 46.71",24.65,Riyadh,Bahrain\Saudi Arabia\Kuwait\Oman\United Arab Emirates\Qatar,6,38966675,400860,0,27.15010296510089,3321.8876454,2871.9726736000002,2572954.0
IADB,Inter-American Development Bank,1959-04-08,POINT(-77.036666666 38.895),-77.036666666,"38.895, -77.036666666",38.895,"Washington, D.C.",Canada\Argentina\Bolivia\Bahamas\The\Japan\Guatemala\Jamaica\Uruguay\France\Per\Norway\China\Dominican Republic\Finland\United States\Sweden\Austria\Brazil\Panama\Costa Rica\Ecuador\Slovenia\El Salvador\Chile\Belgium\Haiti\Belize\Mexico\Denmark\Croatia\Switzerland\Portugal\Korea\South\Spain\Colombia\Barbados\Italy\Netherlands\Suriname\Venezuela\Israel\Germany\Guyana\Honduras\Nicaragua\United Kingdom\Trinidad And Tobago\Paraguay,50,2848877508,8844403,258,62.115882710307034,15357.9624187,13889.361007199994,5.3711618E7
IGADD,Inter-Governmental Authority on Drought and Development,1986-01-15,,,,,,,0,0,0,0,0.0,0.0,0.0,0.0
IAEA,International Atomic Energy Agency,1956-10-26,POINT(16.373064 48.20833),16.373064000000003,"48.20833, 16.373064",48.20833,Vienna,"Canada\Lithuania\Ethiopia\Argentina\Bolivia\Burkina Faso\Bahrain\Saudi Arabia\Congo\Republic Of The\Japan\Guatemala\Kuwait\Holy See (Vatican City)\Liberia\Pakistan\Oman\Tanzania\Vietnam\Gabon\Monaco\Senegal\New Zealand\Yemen\Jamaica\Albania\United Arab Emirates\Uruguay\India\Azerbaijan\Madagascar\Lesotho\Kenya\Tajikistan\Turkey\Afghanistan\Bangladesh\Mauritania\Congo\Democratic Republic Of The\France\Slovakia\Per\Seychelles\Norway\Malawi\Benin\Cuba\Cameroon\Montenegro\Togo\China\Armenia\Dominican Republic\Ukraine\Ghana\Finland\Libya\Central African Republic\Mauritius\Liechtenstein\Belarus\Poland\Russia\Bulgaria\United States\Romania\Angola\Chad\South Africa\Cyprus\Sweden\Qatar\Malaysia\Austria\Latvia\Uganda\Niger\Brazil\Panama\Mali\Costa Rica\Luxembourg\Ireland\Pala\Nigeria\Ecuador\Czech Republic\Australia\Iran\Algeria\Slovenia\El Salvador\Jordan\Marshall Islands\Chile\Belgium\Haiti\Belize\Sierra Leone\Georgia\Mexico\Denmark\Philippines\Moldova\Morocco\Croatia\Mongolia\Thailand\Switzerland\Iraq\Portugal\Estonia\Lebanon\Korea\South\Uzbekistan\Tunisia\Spain\Colombia\Burundi\Hungary\Italy\Sudan\Nepal\Malta\Netherlands\Bosnia And Herzegovina\Venezuela\Israel\Indonesia\Iceland\Zambia\Mozambique\Zimbabwe\Germany\Kazakhstan\u""Cote DIvoire""\Eritrea\Kyrgyzstan\Macedonia\Sri Lanka\Syria\Burma\Honduras\Egypt\Nicaragua\Singapore\Serbia\Botswana\United Kingdom\Greece\Paraguay\Namibia",154,6779867600,21069999,18997,227.61830426492503,62104.69717798,54428.08741579999,1.3063250544E8
IBRD,International Bank for Reconstruction and Development,1944-07-22,POINT(-77.036666666 38.895),-77.036666666,"38.895, -77.036666666",38.895,"Washington, D.C.","Canada\Micronesia\Federated States Of\Guinea-Bissa\Lithuania\Cambodia\Ethiopia\Swaziland\Argentina\Bolivia\Bahamas\The\Burkina Faso\Turkmenistan\Bahrain\Saudi Arabia\Rwanda\Congo\Republic Of The\Japan\Cape Verde\Guatemala\Kuwait\Dominica\Liberia\Maldives\Pakistan\Oman\Tanzania\Vietnam\Saint Kitts And Nevis\Gabon\Senegal\New Zealand\Yemen\Jamaica\Albania\Samoa\United Arab Emirates\Uruguay\India\Azerbaijan\Madagascar\Lesotho\Saint Vincent And The Grenadines\Kenya\Tajikistan\Turkey\Afghanistan\Bangladesh\Mauritania\Solomon Islands\Saint Lucia\Congo\Democratic Republic Of The\Tonga\France\Slovakia\Somalia\Per\Laos\Seychelles\Norway\Malawi\Benin\Cameroon\Montenegro\Togo\China\Armenia\Dominican Republic\Ukraine\Ghana\Finland\Libya\Central African Republic\Mauritius\Belarus\Antigua And Barbuda\Poland\Russia\Bulgaria\United States\Romania\Angola\Chad\South Africa\Cyprus\Sweden\Qatar\Malaysia\Austria\Latvia\Uganda\Niger\Brazil\San Marino\Guinea\Panama\Mali\Costa Rica\Luxembourg\Ireland\Pala\Nigeria\Ecuador\Czech Republic\Brunei\Australia\Iran\Algeria\Slovenia\El Salvador\Tuval\Jordan\Marshall Islands\Chile\Belgium\Kiribati\Haiti\Belize\Sierra Leone\Georgia\Mexico\Denmark\Philippines\Sao Tome And Principe\Moldova\Morocco\Croatia\Mongolia\Thailand\Switzerland\Grenada\Iraq\Portugal\Estonia\Kosovo\Equatorial Guinea\Lebanon\Korea\South\Uzbekistan\Tunisia\Djibouti\Timor-Leste\Spain\Colombia\Burundi\Fiji\Barbados\Hungary\Italy\Bhutan\Sudan\Nepal\Malta\Netherlands\Bosnia And Herzegovina\Suriname\Venezuela\Israel\Indonesia\Iceland\Zambia\Mozambique\Papua New Guinea\Zimbabwe\Germany\Vanuat\Kazakhstan\u""Cote DIvoire""\Eritrea\Kyrgyzstan\Macedonia\Sri Lanka\Guyana\Syria\Burma\Honduras\Egypt\Nicaragua\Singapore\Serbia\Botswana\United Kingdom\Trinidad And Tobago\Gambia\The\Greece\Paraguay\Namibia\Comoros",193,6851041977,21296379,20944,233.69297263797242,71745.75978759999,65123.1411017,1.334591626E8
ICC,International Chamber of Commerce,1919-01-01,POINT(2.351388888 48.856944444),2.3513888880000002,"48.856944444, 2.351388888",48.85694444399999,Paris,Canada\Lithuania\Argentina\Bolivia\Bahrain\Saudi Arabia\Japan\Guatemala\Kuwait\Pakistan\Monaco\Senegal\New Zealand\United Arab Emirates\Uruguay\India\Madagascar\Turkey\Bangladesh\France\Slovakia\Norway\Cuba\Cameroon\Togo\China\Dominican Republic\Ukraine\Ghana\Finland\Poland\Russia\Bulgaria\United States\Romania\South Africa\Cyprus\Sweden\Qatar\Malaysia\Austria\Brazil\Panama\Costa Rica\Luxembourg\Ireland\Nigeria\Ecuador\Czech Republic\Australia\Iran\Algeria\Slovenia\El Salvador\Jordan\Chile\Belgium\Hong Kong\Georgia\Mexico\Denmark\Philippines\Morocco\Croatia\Thailand\Switzerland\Portugal\Lebanon\Korea\South\Tunisia\Spain\Colombia\Taiwan\Hungary\Italy\Nepal\Netherlands\Israel\Indonesia\Iceland\Germany\Sri Lanka\Syria\Egypt\Singapore\Serbia\United Kingdom\Greece,89,5841794173,17464305,5103,148.75427694615604,30239.860672400002,28970.351957500006,9.7835543E7
ICAO,International Civil Aviation Organization,1944-12-07,POINT(-73.5612 45.5012),-73.5612,"45.5012, -73.5612",45.5012,International District,"Canada\Micronesia\Federated States Of\Guinea-Bissa\Lithuania\Cambodia\Ethiopia\Swaziland\Argentina\Bolivia\Bahamas\The\Burkina Faso\Turkmenistan\Bahrain\Saudi Arabia\Rwanda\Congo\Republic Of The\Japan\Cape Verde\Guatemala\Kuwait\Liberia\Maldives\Pakistan\Oman\Tanzania\Vietnam\Saint Kitts And Nevis\Gabon\Monaco\Senegal\New Zealand\Yemen\Jamaica\Albania\Samoa\United Arab Emirates\Uruguay\India\Azerbaijan\Madagascar\Lesotho\Saint Vincent And The Grenadines\Kenya\Tajikistan\Turkey\Afghanistan\Bangladesh\Mauritania\Solomon Islands\Saint Lucia\Congo\Democratic Republic Of The\Tonga\France\Slovakia\Somalia\Per\Laos\Naur\Seychelles\Norway\Malawi\Cook Islands\Benin\Cuba\Cameroon\Montenegro\Togo\China\Armenia\Dominican Republic\Ukraine\Ghana\Finland\Libya\Central African Republic\Mauritius\Belarus\Antigua And Barbuda\Poland\Russia\Bulgaria\United States\Romania\Angola\Chad\South Africa\Cyprus\Sweden\Qatar\Malaysia\Austria\Latvia\Uganda\Niger\Brazil\San Marino\Guinea\Panama\Mali\Costa Rica\Luxembourg\Andorra\Ireland\Pala\Nigeria\Ecuador\Czech Republic\Brunei\Australia\Iran\Algeria\Slovenia\El Salvador\Jordan\Marshall Islands\Chile\Belgium\Kiribati\Haiti\Belize\Sierra Leone\Georgia\Mexico\Denmark\Philippines\Sao Tome And Principe\Moldova\Morocco\Croatia\Mongolia\Thailand\Switzerland\Grenada\Korea\North\Iraq\Portugal\Estonia\Equatorial Guinea\Lebanon\Korea\South\Uzbekistan\Tunisia\Djibouti\Timor-Leste\Spain\Colombia\Burundi\Fiji\Barbados\Hungary\Italy\Bhutan\Sudan\Nepal\Malta\Netherlands\Bosnia And Herzegovina\Suriname\Venezuela\Israel\Indonesia\Iceland\Zambia\Mozambique\Papua New Guinea\Zimbabwe\Germany\Vanuat\Kazakhstan\u""Cote DIvoire""\Eritrea\Kyrgyzstan\Macedonia\Sri Lanka\Guyana\Syria\Burma\Honduras\Egypt\Nicaragua\Singapore\Serbia\Botswana\United Kingdom\Trinidad And Tobago\Gambia\The\Greece\Paraguay\Namibia\Comoros",197,6884813464,21371879,20944,236.01593641149785,72568.82671328,65540.22436749999,1.336796236E8
ICFTU,International Confederation of Free Trade Unions,1949-12-01,POINT(4.3525 50.846666666),4.3525,"50.846666666, 4.3525",50.846666666000004,Brussels,,0,0,0,0,0.0,0.0,0.0,0.0
Interpol,International Criminal Police Organization,1956-06-13,POINT(4.841388888 45.758888888),4.841388888,"45.758888888, 4.841388888",45.758888888,Lyon,"Canada\Guinea-Bissa\Lithuania\Cambodia\Ethiopia\Aruba\Swaziland\Argentina\Bolivia\Bahamas\The\Burkina Faso\Turkmenistan\Bahrain\Saudi Arabia\Rwanda\Congo\Republic Of The\Japan\Cape Verde\Guatemala\Kuwait\Holy See (Vatican City)\Dominica\Liberia\Maldives\Pakistan\Oman\Tanzania\Vietnam\Saint Kitts And Nevis\Gabon\Monaco\Senegal\New Zealand\Yemen\Jamaica\Albania\Samoa\Maca\United Arab Emirates\Uruguay\India\Azerbaijan\Madagascar\Lesotho\Saint Vincent And The Grenadines\Kenya\Tajikistan\Turkey\Afghanistan\Bangladesh\Mauritania\Saint Lucia\Congo\Democratic Republic Of The\Tonga\France\Bermuda\Slovakia\Somalia\Per\Laos\Naur\Seychelles\Norway\Malawi\Benin\Cuba\Cameroon\Montenegro\Togo\China\Armenia\Dominican Republic\Ukraine\Ghana\Finland\Libya\Cayman Islands\Central African Republic\Mauritius\Liechtenstein\Belarus\Antigua And Barbuda\Poland\Russia\Bulgaria\United States\Romania\Angola\Chad\South Africa\Cyprus\Sweden\Qatar\Malaysia\Austria\Latvia\Uganda\British Virgin Islands\Niger\Brazil\Turks And Caicos Islands\San Marino\Guinea\Panama\Mali\Costa Rica\Luxembourg\American Samoa\Andorra\Gibraltar\Ireland\Nigeria\Ecuador\Czech Republic\Brunei\Australia\Iran\Algeria\Slovenia\El Salvador\Jordan\Marshall Islands\Chile\Puerto Rico\Belgium\Haiti\Belize\Hong Kong\Sierra Leone\Georgia\Mexico\Denmark\Philippines\Sao Tome And Principe\Moldova\Morocco\Croatia\Mongolia\Thailand\Switzerland\Grenada\Iraq\Portugal\Estonia\Equatorial Guinea\Lebanon\Korea\South\Uzbekistan\Tunisia\Djibouti\Timor-Leste\Spain\Colombia\Burundi\Fiji\Barbados\Hungary\Italy\Bhutan\Sudan\Nepal\Malta\Netherlands\Bosnia And Herzegovina\Suriname\Anguilla\Venezuela\Israel\Indonesia\Iceland\Zambia\Mozambique\Papua New Guinea\Zimbabwe\Germany\Kazakhstan\u""Cote DIvoire""\Eritrea\Kyrgyzstan\Montserrat\Macedonia\Sri Lanka\Guyana\Syria\Burma\Honduras\Egypt\Nicaragua\Singapore\Serbia\Botswana\United Kingdom\Trinidad And Tobago\Gambia\The\Greece\Paraguay\Namibia\Comoros",203,6871526350,21371879,20944,236.01593641149785,72416.09781547,65523.01525335,1.3353362174000001E8
IDA,International Development Association,1960-01-26,POINT(-77.036666666 38.895),-77.036666666,"38.895, -77.036666666",38.895,"Washington, D.C.","Canada\Micronesia\Federated States Of\Guinea-Bissa\Cambodia\Ethiopia\Swaziland\Argentina\Bolivia\Bahamas\The\Burkina Faso\Turkmenistan\Saudi Arabia\Rwanda\Congo\Republic Of The\Japan\Cape Verde\Guatemala\Kuwait\Dominica\Liberia\Maldives\Pakistan\Oman\Tanzania\Vietnam\Saint Kitts And Nevis\Gabon\Senegal\New Zealand\Yemen\European Union\Albania\Samoa\United Arab Emirates\Uruguay\India\Azerbaijan\Madagascar\Lesotho\Saint Vincent And The Grenadines\Kenya\Tajikistan\Turkey\Afghanistan\Bangladesh\Mauritania\Solomon Islands\Saint Lucia\Congo\Democratic Republic Of The\Tonga\France\Slovakia\Somalia\Per\Laos\Norway\Malawi\Benin\Cameroon\Montenegro\Togo\China\Armenia\Dominican Republic\Ukraine\Ghana\Finland\Libya\Central African Republic\Mauritius\Belarus\Antigua And Barbuda\Poland\Russia\United States\Romania\Angola\Chad\South Africa\Cyprus\Sweden\Qatar\Malaysia\Austria\Latvia\Uganda\Niger\Brazil\Guinea\Panama\Mali\Costa Rica\Luxembourg\Ireland\Pala\Nigeria\Ecuador\Czech Republic\Australia\Iran\Algeria\Slovenia\El Salvador\Tuval\Jordan\Marshall Islands\Chile\Belgium\Kiribati\Haiti\Belize\Sierra Leone\Georgia\Mexico\Denmark\Philippines\Sao Tome And Principe\Moldova\Morocco\Croatia\Mongolia\Thailand\Switzerland\Grenada\Iraq\Portugal\Estonia\Kosovo\Equatorial Guinea\Lebanon\Korea\South\Uzbekistan\Tunisia\Djibouti\Timor-Leste\Spain\Colombia\Burundi\Fiji\Barbados\Hungary\Italy\Bhutan\Sudan\Nepal\Netherlands\Bosnia And Herzegovina\Venezuela\Israel\Indonesia\Iceland\Zambia\Mozambique\Papua New Guinea\Zimbabwe\Germany\Vanuat\Kazakhstan\u""Cote DIvoire""\Eritrea\Kyrgyzstan\Macedonia\Sri Lanka\Guyana\Syria\Burma\Honduras\Egypt\Nicaragua\Singapore\Serbia\Botswana\United Kingdom\Trinidad And Tobago\Gambia\The\Greece\Paraguay\Comoros",184,7325146252,23353739,20944,223.53797692114907,68601.33241640001,62345.424620399994,1.366013056E8
IEA,International Energy Agency,1974-11-15,POINT(2.351388888 48.856944444),2.3513888880000002,"48.856944444, 2.351388888",48.85694444399999,Paris,Canada\Japan\New Zealand\European Union\Turkey\France\Slovakia\Norway\Finland\Poland\United States\Sweden\Austria\Luxembourg\Ireland\Czech Republic\Australia\Belgium\Denmark\Switzerland\Portugal\Korea\South\Spain\Hungary\Italy\Netherlands\Germany\United Kingdom\Greece,30,1595461997,6615026,421,40.743493952940184,7297.798239500001,6819.3805548,3.7548172E7
IFRCS,International Federation of Red Cross and Red Crescent Societies,1919-05-05,POINT(6.15 46.2),6.15,"46.2, 6.15",46.2,Geneva,"Canada\Micronesia\Federated States Of\Guinea-Bissa\Lithuania\Cambodia\Ethiopia\Swaziland\Argentina\Bolivia\Bahamas\The\Burkina Faso\Turkmenistan\Bahrain\Saudi Arabia\Rwanda\Congo\Republic Of The\Japan\Cape Verde\Guatemala\Kuwait\Dominica\Liberia\Maldives\Pakistan\Tanzania\Vietnam\Saint Kitts And Nevis\Gabon\Monaco\Senegal\New Zealand\Yemen\Jamaica\Albania\Samoa\United Arab Emirates\Uruguay\India\Azerbaijan\Madagascar\Lesotho\Saint Vincent And The Grenadines\Kenya\Tajikistan\Turkey\Afghanistan\Bangladesh\Mauritania\Solomon Islands\Saint Lucia\Congo\Democratic Republic Of The\Tonga\France\Slovakia\Somalia\Per\Laos\Seychelles\Norway\Malawi\Cook Islands\Benin\Cuba\Cameroon\Montenegro\Togo\China\Armenia\Dominican Republic\Ukraine\Ghana\Finland\Libya\Central African Republic\Mauritius\Liechtenstein\Belarus\Antigua And Barbuda\Poland\Russia\Bulgaria\United States\Romania\Angola\Chad\South Africa\Sweden\Qatar\Malaysia\Austria\Latvia\Uganda\Niger\Brazil\San Marino\Guinea\Panama\Mali\Costa Rica\Luxembourg\Andorra\Ireland\Pala\Nigeria\Ecuador\Czech Republic\Brunei\Australia\Iran\Algeria\Slovenia\El Salvador\Tuval\Jordan\Chile\Belgium\Kiribati\Haiti\Belize\Sierra Leone\Georgia\Mexico\Denmark\Philippines\Sao Tome And Principe\Moldova\Morocco\Croatia\Mongolia\Thailand\Switzerland\Grenada\Korea\North\Iraq\Portugal\Estonia\Equatorial Guinea\Lebanon\Korea\South\Uzbekistan\Tunisia\Djibouti\Timor-Leste\Spain\Colombia\Burundi\Fiji\Barbados\Hungary\Italy\Sudan\Nepal\Malta\Netherlands\Bosnia And Herzegovina\Suriname\Venezuela\Israel\Indonesia\Iceland\Zambia\Mozambique\Papua New Guinea\Zimbabwe\Germany\Vanuat\Kazakhstan\u""Cote DIvoire""\Eritrea\Kyrgyzstan\Macedonia\Sri Lanka\Guyana\Syria\Burma\Honduras\Egypt\Nicaragua\Singapore\Serbia\Botswana\United Kingdom\Trinidad And Tobago\Gambia\The\Greece\Paraguay\Namibia\Comoros",195,6879998834,21312129,20944,226.90607572173562,70570.2322692,64050.2369519,1.333232136E8
IFC,International Finance Corporation,1955-05-25,POINT(-77.036666666 38.895),-77.036666666,"38.895, -77.036666666",38.895,"Washington, D.C.","Canada\Micronesia\Federated States Of\Guinea-Bissa\Lithuania\Cambodia\Ethiopia\Swaziland\Argentina\Bolivia\Bahamas\The\Burkina Faso\Turkmenistan\Bahrain\Saudi Arabia\Rwanda\Congo\Republic Of The\Japan\Cape Verde\Guatemala\Kuwait\Dominica\Liberia\Maldives\Pakistan\Oman\Tanzania\Vietnam\Saint Kitts And Nevis\Gabon\Senegal\New Zealand\Yemen\Jamaica\Albania\Samoa\United Arab Emirates\Uruguay\India\Azerbaijan\Madagascar\Lesotho\Kenya\Tajikistan\Turkey\Afghanistan\Bangladesh\Mauritania\Solomon Islands\Saint Lucia\Congo\Democratic Republic Of The\Tonga\France\Slovakia\Somalia\Per\Laos\Seychelles\Norway\Malawi\Benin\Cameroon\Montenegro\Togo\China\Armenia\Dominican Republic\Ukraine\Ghana\Finland\Libya\Central African Republic\Mauritius\Belarus\Antigua And Barbuda\Poland\Russia\Bulgaria\United States\Romania\Angola\Chad\South Africa\Cyprus\Sweden\Qatar\Malaysia\Austria\Latvia\Uganda\Niger\Brazil\Guinea\Panama\Mali\Costa Rica\Luxembourg\Ireland\Pala\Nigeria\Ecuador\Czech Republic\Australia\Iran\Algeria\Slovenia\El Salvador\Jordan\Marshall Islands\Chile\Belgium\Kiribati\Haiti\Belize\Sierra Leone\Georgia\Mexico\Denmark\Philippines\Sao Tome And Principe\Moldova\Morocco\Croatia\Mongolia\Thailand\Switzerland\Grenada\Iraq\Portugal\Estonia\Kosovo\Equatorial Guinea\Lebanon\Korea\South\Uzbekistan\Tunisia\Djibouti\Timor-Leste\Spain\Colombia\Burundi\Fiji\Barbados\Hungary\Italy\Bhutan\Sudan\Nepal\Malta\Netherlands\Bosnia And Herzegovina\Venezuela\Israel\Indonesia\Iceland\Zambia\Mozambique\Papua New Guinea\Zimbabwe\Germany\Vanuat\Kazakhstan\u""Cote DIvoire""\Eritrea\Kyrgyzstan\Macedonia\Sri Lanka\Guyana\Syria\Burma\Honduras\Egypt\Nicaragua\Singapore\Serbia\Botswana\United Kingdom\Trinidad And Tobago\Gambia\The\Greece\Paraguay\Namibia\Comoros",188,6850001868,21294539,20944,233.69297263797242,71123.18962810001,64812.032186899996,1.332891016E8
IFAD,International Fund for Agricultural Development,1974-11-01,POINT(12.482777777 41.893055555),12.482777777,"41.893055555, 12.482777777",41.893055555,Rome,"Canada\Guinea-Bissa\Cambodia\Ethiopia\Swaziland\Argentina\Bolivia\Bahamas\The\Burkina Faso\Saudi Arabia\Rwanda\Congo\Republic Of The\Japan\Cape Verde\Guatemala\Kuwait\Dominica\Liberia\Maldives\Pakistan\Oman\Tanzania\Vietnam\Saint Kitts And Nevis\Gabon\Niue\Senegal\New Zealand\Yemen\Jamaica\Albania\Samoa\United Arab Emirates\Uruguay\India\Azerbaijan\Madagascar\Lesotho\Saint Vincent And The Grenadines\Kenya\Tajikistan\Turkey\Afghanistan\Bangladesh\Mauritania\Solomon Islands\Saint Lucia\Congo\Democratic Republic Of The\Tonga\France\Somalia\Per\Laos\Seychelles\Norway\Malawi\Cook Islands\Benin\Cuba\Cameroon\Togo\China\Armenia\Dominican Republic\Ghana\Finland\Libya\Central African Republic\Mauritius\Antigua And Barbuda\United States\Romania\Angola\Chad\South Africa\Cyprus\Sweden\Qatar\Malaysia\Austria\Uganda\Niger\Brazil\Guinea\Panama\Mali\Costa Rica\Luxembourg\Ireland\Nigeria\Ecuador\Iran\Algeria\El Salvador\Jordan\Marshall Islands\Chile\Belgium\Kiribati\Haiti\Belize\Sierra Leone\Georgia\Mexico\Denmark\Philippines\Sao Tome And Principe\Moldova\Morocco\Croatia\Mongolia\Thailand\Switzerland\Grenada\Korea\North\Iraq\Portugal\Equatorial Guinea\Lebanon\Korea\South\Tunisia\Djibouti\Timor-Leste\Spain\Colombia\Burundi\Fiji\Barbados\Italy\Bhutan\Sudan\Nepal\Malta\Netherlands\Bosnia And Herzegovina\Suriname\Venezuela\Israel\Indonesia\Iceland\Zambia\Mozambique\Papua New Guinea\Zimbabwe\Germany\Kazakhstan\u""Cote DIvoire""\Eritrea\Kyrgyzstan\Macedonia\Sri Lanka\Guyana\Syria\Burma\Honduras\Egypt\Nicaragua\Botswana\United Kingdom\Trinidad And Tobago\Gambia\The\Greece\Paraguay\Namibia\Comoros",171,6541502380,20367439,20944,209.8910609658526,63665.95356451997,58099.83470489999,1.061422286E8
ILO,International Labor Organization,1919-04-11,POINT(6.15 46.2),6.15,"46.2, 6.15",46.2,Geneva,"Canada\Guinea-Bissa\Lithuania\Cambodia\Ethiopia\Aruba\Swaziland\Argentina\Bolivia\Bahamas\The\Burkina Faso\Turkmenistan\Bahrain\Saudi Arabia\Rwanda\Congo\Republic Of The\Japan\Cape Verde\Guatemala\Kuwait\Dominica\Liberia\Maldives\Pakistan\Oman\Tanzania\Vietnam\Saint Kitts And Nevis\Gabon\Senegal\New Zealand\Yemen\Jamaica\Albania\Samoa\United Arab Emirates\Uruguay\India\Azerbaijan\Madagascar\Lesotho\Saint Vincent And The Grenadines\Kenya\Tajikistan\Turkey\Afghanistan\Bangladesh\Mauritania\Solomon Islands\Saint Lucia\Congo\Democratic Republic Of The\France\Slovakia\Somalia\Per\Laos\Seychelles\Norway\Malawi\Benin\Cuba\Cameroon\Montenegro\Togo\China\Armenia\Dominican Republic\Ukraine\Ghana\Finland\Libya\Central African Republic\Mauritius\Belarus\Antigua And Barbuda\Poland\Russia\Bulgaria\United States\Romania\Angola\Chad\South Africa\Cyprus\Sweden\Qatar\Malaysia\Austria\Latvia\Uganda\Niger\Brazil\San Marino\Guinea\Panama\Mali\Costa Rica\Luxembourg\Ireland\Nigeria\Ecuador\Czech Republic\Brunei\Australia\Iran\Algeria\Slovenia\El Salvador\Tuval\Jordan\Marshall Islands\Chile\Belgium\Kiribati\Haiti\Belize\Sierra Leone\Georgia\Mexico\Denmark\Philippines\Sao Tome And Principe\Moldova\Morocco\Croatia\Mongolia\Thailand\Switzerland\Grenada\Iraq\Portugal\Estonia\Equatorial Guinea\Lebanon\Korea\South\Uzbekistan\Tunisia\Djibouti\Timor-Leste\Spain\Colombia\Burundi\Fiji\Barbados\Hungary\Italy\Sudan\Nepal\Malta\Netherlands\Bosnia And Herzegovina\Suriname\Venezuela\Israel\Indonesia\Iceland\Zambia\Mozambique\Papua New Guinea\Zimbabwe\Germany\Vanuat\Kazakhstan\u""Cote DIvoire""\Eritrea\Kyrgyzstan\Macedonia\Sri Lanka\Guyana\Syria\Burma\Honduras\Egypt\Nicaragua\Singapore\Serbia\Botswana\United Kingdom\Trinidad And Tobago\Gambia\The\Greece\Paraguay\Namibia\Comoros",189,6859467653,21371879,20944,236.01593641149785,71464.06250582,64671.3632319,1.335190136E8
IMO,International Maritime Organization,1958-03-17,POINT(-0.1275 51.507222222),-0.1275,"51.507222222, -0.1275",51.507222221999996,London,"Canada\Guinea-Bissa\Lithuania\Cambodia\Ethiopia\Swaziland\Argentina\Bolivia\Bahamas\The\Turkmenistan\Bahrain\Saudi Arabia\Congo\Republic Of The\Japan\Cape Verde\Guatemala\Kuwait\Dominica\Liberia\Maldives\Pakistan\Oman\Tanzania\Vietnam\Saint Kitts And Nevis\Gabon\Monaco\Senegal\New Zealand\Yemen\Jamaica\Albania\Samoa\Maca\United Arab Emirates\Uruguay\India\Azerbaijan\Madagascar\Saint Vincent And The Grenadines\Kenya\Turkey\Bangladesh\Mauritania\Solomon Islands\Saint Lucia\Congo\Democratic Republic Of The\Tonga\France\Slovakia\Somalia\Per\Seychelles\Norway\Malawi\Cook Islands\Benin\Cuba\Cameroon\Montenegro\Togo\China\Dominican Republic\Ukraine\Ghana\Finland\Libya\Mauritius\Antigua And Barbuda\Poland\Russia\Bulgaria\United States\Romania\Angola\South Africa\Cyprus\Sweden\Qatar\Malaysia\Austria\Latvia\Brazil\San Marino\Faroe Islands\Guinea\Panama\Costa Rica\Luxembourg\Ireland\Nigeria\Ecuador\Czech Republic\Brunei\Australia\Iran\Algeria\Slovenia\El Salvador\Tuval\Jordan\Marshall Islands\Chile\Belgium\Kiribati\Haiti\Belize\Hong Kong\Sierra Leone\Georgia\Mexico\Denmark\Philippines\Sao Tome And Principe\Moldova\Morocco\Croatia\Mongolia\Thailand\Switzerland\Grenada\Korea\North\Iraq\Portugal\Estonia\Equatorial Guinea\Lebanon\Korea\South\Tunisia\Djibouti\Timor-Leste\Spain\Colombia\Fiji\Barbados\Hungary\Italy\Sudan\Nepal\Malta\Netherlands\Bosnia And Herzegovina\Suriname\Venezuela\Israel\Indonesia\Iceland\Mozambique\Papua New Guinea\Zimbabwe\Germany\Vanuat\Kazakhstan\u""Cote DIvoire""\Eritrea\Macedonia\Sri Lanka\Guyana\Syria\Burma\Honduras\Egypt\Nicaragua\Singapore\Serbia\United Kingdom\Trinidad And Tobago\Gambia\The\Greece\Paraguay\Namibia\Comoros",178,6664350314,20499535,13447,207.2582216387564,61527.73294081997,56519.99887839999,1.2537777280000001E8
Inmarsat,International Mobile Satellite Organization,1976-09-03,,,,,,,0,0,0,0,0.0,0.0,0.0,0.0
IMF,International Monetary Fund,1944-07-22,POINT(-77.036666666 38.895),-77.036666666,"38.895, -77.036666666",38.895,"Washington, D.C.","Canada\Micronesia\Federated States Of\Guinea-Bissa\Lithuania\Cambodia\Ethiopia\Aruba\Swaziland\Argentina\Bolivia\Bahamas\The\Burkina Faso\Turkmenistan\Bahrain\Saudi Arabia\Rwanda\Congo\Republic Of The\Japan\Cape Verde\Guatemala\Kuwait\Dominica\Liberia\Maldives\Pakistan\Oman\Tanzania\Vietnam\Saint Kitts And Nevis\Gabon\Senegal\New Zealand\Yemen\Jamaica\Albania\Samoa\Maca\United Arab Emirates\Uruguay\India\Azerbaijan\Madagascar\Lesotho\Saint Vincent And The Grenadines\Kenya\Tajikistan\Turkey\Afghanistan\Bangladesh\Mauritania\Solomon Islands\Saint Lucia\Congo\Democratic Republic Of The\Tonga\France\Slovakia\Somalia\Per\Laos\Seychelles\Norway\Malawi\Benin\Cameroon\Montenegro\Togo\China\Armenia\Dominican Republic\Ukraine\Ghana\Finland\Libya\Central African Republic\Mauritius\Belarus\Antigua And Barbuda\Poland\Russia\Bulgaria\United States\Romania\Angola\Chad\South Africa\Cyprus\Sweden\Qatar\Malaysia\Austria\Latvia\Uganda\Niger\Brazil\San Marino\Guinea\Panama\Mali\Costa Rica\Luxembourg\Ireland\Pala\Nigeria\Ecuador\Czech Republic\Brunei\Australia\Iran\Algeria\Slovenia\El Salvador\Tuval\Jordan\Marshall Islands\Chile\Belgium\Kiribati\Haiti\Belize\Hong Kong\Sierra Leone\Georgia\Mexico\Denmark\Philippines\Sao Tome And Principe\Moldova\Morocco\Croatia\Mongolia\Thailand\Switzerland\Grenada\Iraq\Portugal\Estonia\Kosovo\Equatorial Guinea\Lebanon\Korea\South\Uzbekistan\Tunisia\Djibouti\Timor-Leste\Spain\Colombia\Burundi\Fiji\Barbados\Hungary\Italy\Bhutan\Sudan\Nepal\Malta\Netherlands\Bosnia And Herzegovina\Suriname\Venezuela\Israel\Indonesia\Iceland\Zambia\Mozambique\Papua New Guinea\Zimbabwe\Germany\Vanuat\Kazakhstan\u""Cote DIvoire""\Eritrea\Kyrgyzstan\Macedonia\Sri Lanka\Guyana\Syria\Burma\Honduras\Egypt\Nicaragua\Singapore\Serbia\Botswana\United Kingdom\Trinidad And Tobago\Gambia\The\Greece\Paraguay\Namibia\Comoros",196,6858843601,21296379,20944,233.69297263797242,71951.0330567,65352.3339476,1.3346047480000001E8
IOC,International Olympic Committee,1894-06-23,POINT(6.633333333 46.533333333),6.6333333329999995,"46.533333333, 6.633333333",46.533333333,Lausanne,"Canada\Micronesia\Federated States Of\Guinea-Bissa\Lithuania\Cambodia\Ethiopia\Aruba\Swaziland\Argentina\Bolivia\Bahamas\The\Burkina Faso\Turkmenistan\Bahrain\Saudi Arabia\Rwanda\Congo\Republic Of The\Japan\Cape Verde\Guatemala\Kuwait\Dominica\Liberia\Maldives\Pakistan\Oman\Tanzania\Vietnam\Saint Kitts And Nevis\Gabon\Monaco\Senegal\New Zealand\Yemen\Jamaica\Albania\Samoa\United Arab Emirates\Guam\Uruguay\India\Azerbaijan\Madagascar\Lesotho\Saint Vincent And The Grenadines\Kenya\Tajikistan\Turkey\Afghanistan\Bangladesh\Mauritania\Solomon Islands\Saint Lucia\Congo\Democratic Republic Of The\Tonga\France\Bermuda\Slovakia\Somalia\Per\Laos\Naur\Seychelles\Norway\Malawi\Cook Islands\Benin\Cuba\Cameroon\Montenegro\Togo\Virgin Islands\China\Armenia\Dominican Republic\Ukraine\Ghana\Finland\Libya\Cayman Islands\Central African Republic\Mauritius\Liechtenstein\Belarus\Antigua And Barbuda\Poland\Russia\Bulgaria\United States\Romania\Angola\Chad\South Africa\Cyprus\Sweden\Qatar\Malaysia\Austria\Latvia\Uganda\British Virgin Islands\Niger\Brazil\San Marino\Guinea\Panama\Mali\Costa Rica\Luxembourg\American Samoa\Andorra\Ireland\Pala\Nigeria\Ecuador\Czech Republic\Brunei\Australia\Iran\Algeria\Slovenia\El Salvador\Tuval\Jordan\Marshall Islands\Chile\Puerto Rico\Belgium\Kiribati\Haiti\Belize\Hong Kong\Sierra Leone\Georgia\Mexico\Denmark\Philippines\Sao Tome And Principe\Moldova\Morocco\Croatia\Mongolia\Thailand\Switzerland\Grenada\Korea\North\Iraq\Portugal\Estonia\Equatorial Guinea\Lebanon\Korea\South\Uzbekistan\Tunisia\Djibouti\Timor-Leste\Spain\Colombia\Burundi\Taiwan\Fiji\Barbados\Hungary\Italy\Bhutan\Sudan\Nepal\Malta\Netherlands\Bosnia And Herzegovina\Suriname\Venezuela\Israel\Indonesia\Iceland\Zambia\Mozambique\Papua New Guinea\Zimbabwe\Germany\Vanuat\Kazakhstan\u""Cote DIvoire""\Eritrea\Kyrgyzstan\Macedonia\Sri Lanka\Guyana\Syria\Burma\Honduras\Egypt\Nicaragua\Singapore\Serbia\Botswana\United Kingdom\Trinidad And Tobago\Gambia\The\Greece\Paraguay\Namibia\Comoros",210,6919727386,21371879,20944,236.01593641149785,73340.96156812002,66656.49082825,1.337347366E8
IOM,International Organization for Migration,1951-12-05,POINT(6.15 46.2),6.15,"46.2, 6.15",46.2,Geneva,"Canada\Guinea-Bissa\Lithuania\Cambodia\Ethiopia\Swaziland\Argentina\Bolivia\Bahamas\The\Burkina Faso\Turkmenistan\Bahrain\Saudi Arabia\Rwanda\Congo\Republic Of The\Japan\Cape Verde\Guatemala\Holy See (Vatican City)\Liberia\Pakistan\Tanzania\Vietnam\Gabon\Senegal\New Zealand\Yemen\Jamaica\Albania\Uruguay\India\Azerbaijan\Madagascar\Lesotho\Kenya\Tajikistan\Turkey\Afghanistan\Bangladesh\Mauritania\Congo\Democratic Republic Of The\France\Slovakia\Somalia\Per\Norway\Benin\Cuba\Cameroon\Montenegro\Togo\China\Armenia\Dominican Republic\Ukraine\Ghana\Finland\Libya\Central African Republic\Mauritius\Belarus\Poland\Russia\Bulgaria\United States\Romania\Angola\South Africa\Cyprus\Sweden\Qatar\Austria\Latvia\Uganda\Niger\Brazil\San Marino\Guinea\Panama\Mali\Costa Rica\Luxembourg\Ireland\Nigeria\Ecuador\Czech Republic\Australia\Iran\Algeria\Slovenia\El Salvador\Jordan\Chile\Belgium\Haiti\Belize\Sierra Leone\Georgia\Mexico\Denmark\Philippines\Sao Tome And Principe\Moldova\Morocco\Croatia\Mongolia\Thailand\Switzerland\Portugal\Estonia\Korea\South\Tunisia\Timor-Leste\Spain\Colombia\Burundi\Hungary\Italy\Bhutan\Sudan\Nepal\Malta\Netherlands\Bosnia And Herzegovina\Venezuela\Israel\Indonesia\Zambia\Mozambique\Papua New Guinea\Zimbabwe\Germany\Kazakhstan\u""Cote DIvoire""\Kyrgyzstan\Macedonia\Sri Lanka\Guyana\Honduras\Egypt\Nicaragua\Serbia\Botswana\United Kingdom\Trinidad And Tobago\Gambia\The\Greece\Paraguay\Namibia",154,6630753453,19754829,19872,200.38159786865967,58479.24581879997,54134.29853019998,1.2890774144E8
ISO,International Organization for Standardization,1947-02-01,POINT(6.15 46.2),6.15,"46.2, 6.15",46.2,Geneva,"Canada\Lithuania\Cambodia\Ethiopia\Swaziland\Argentina\Bolivia\Burkina Faso\Turkmenistan\Bahrain\Saudi Arabia\Rwanda\Congo\Republic Of The\Japan\Guatemala\Kuwait\Dominica\Liberia\Pakistan\Oman\Tanzania\Vietnam\Gabon\Senegal\New Zealand\Yemen\Jamaica\Albania\Maca\United Arab Emirates\Uruguay\India\Azerbaijan\Madagascar\Lesotho\Saint Vincent And The Grenadines\Kenya\Tajikistan\Turkey\Afghanistan\Bangladesh\Mauritania\Saint Lucia\Congo\Democratic Republic Of The\France\Slovakia\Per\Laos\Seychelles\Norway\Malawi\Benin\Cuba\Cameroon\Montenegro\Togo\China\Armenia\Dominican Republic\Ukraine\Ghana\Finland\Libya\Central African Republic\Mauritius\Belarus\Antigua And Barbuda\Poland\Russia\Bulgaria\United States\Romania\Angola\South Africa\Cyprus\Sweden\Qatar\Malaysia\Austria\Latvia\Uganda\Brazil\Guinea\Panama\Mali\Costa Rica\Luxembourg\Ireland\Nigeria\Ecuador\Czech Republic\Brunei\Australia\Iran\Algeria\Slovenia\El Salvador\Jordan\Chile\Belgium\Hong Kong\Sierra Leone\Georgia\Mexico\Denmark\Philippines\Moldova\Morocco\Croatia\Mongolia\Thailand\Switzerland\Korea\North\Iraq\Portugal\Estonia\Lebanon\Korea\South\Uzbekistan\Tunisia\Spain\Colombia\Burundi\Fiji\Barbados\Hungary\Italy\Bhutan\Sudan\Nepal\Malta\Netherlands\Bosnia And Herzegovina\Suriname\Israel\Indonesia\Iceland\Zambia\Mozambique\Papua New Guinea\Zimbabwe\Germany\Kazakhstan\u""Cote DIvoire""\Eritrea\Kyrgyzstan\Macedonia\Sri Lanka\Guyana\Syria\Burma\Honduras\Egypt\Singapore\Serbia\Botswana\United Kingdom\Trinidad And Tobago\Gambia\The\Greece\Paraguay\Namibia",167,6803969364,21287129,19007,226.19390626877316,62805.86639221998,56630.38038879999,1.2922784480000001E8
ICRM,International Red Cross and Red Crescent Movement,1928-01-01,POINT(6.15 46.2),6.15,"46.2, 6.15",46.2,Geneva,"Canada\Micronesia\Federated States Of\Guinea-Bissa\Lithuania\Cambodia\Ethiopia\Swaziland\Argentina\Bolivia\Bahamas\The\Burkina Faso\Turkmenistan\Bahrain\Saudi Arabia\Rwanda\Congo\Republic Of The\Japan\Cape Verde\Guatemala\Kuwait\Dominica\Liberia\Pakistan\Tanzania\Vietnam\Saint Kitts And Nevis\Gabon\Monaco\Senegal\New Zealand\Yemen\Jamaica\Albania\Samoa\United Arab Emirates\Uruguay\India\Azerbaijan\Madagascar\Lesotho\Saint Vincent And The Grenadines\Kenya\Tajikistan\Turkey\Afghanistan\Bangladesh\Mauritania\Solomon Islands\Saint Lucia\Congo\Democratic Republic Of The\Tonga\France\Slovakia\Somalia\Per\Laos\Seychelles\Norway\Malawi\Cook Islands\Benin\Cuba\Cameroon\Montenegro\Togo\China\Armenia\Dominican Republic\Ukraine\Ghana\Finland\Libya\Central African Republic\Mauritius\Liechtenstein\Belarus\Antigua And Barbuda\Poland\Russia\Bulgaria\United States\Romania\Angola\Chad\South Africa\Sweden\Qatar\Malaysia\Austria\Latvia\Uganda\Niger\Brazil\San Marino\Guinea\Panama\Mali\Costa Rica\Luxembourg\Andorra\Ireland\Pala\Nigeria\Ecuador\Czech Republic\Brunei\Australia\Iran\Algeria\Slovenia\El Salvador\Jordan\Chile\Belgium\Kiribati\Haiti\Belize\Sierra Leone\Georgia\Mexico\Denmark\Philippines\Sao Tome And Principe\Moldova\Morocco\Croatia\Mongolia\Thailand\Switzerland\Grenada\Korea\North\Iraq\Portugal\Estonia\Equatorial Guinea\Lebanon\Korea\South\Uzbekistan\Tunisia\Djibouti\Timor-Leste\Spain\Colombia\Burundi\Fiji\Barbados\Hungary\Italy\Sudan\Nepal\Malta\Netherlands\Bosnia And Herzegovina\Suriname\Venezuela\Israel\Indonesia\Iceland\Zambia\Mozambique\Papua New Guinea\Zimbabwe\Germany\Vanuat\Kazakhstan\u""Cote DIvoire""\Kyrgyzstan\Macedonia\Sri Lanka\Guyana\Syria\Burma\Honduras\Egypt\Nicaragua\Singapore\Serbia\Botswana\United Kingdom\Trinidad And Tobago\Gambia\The\Greece\Paraguay\Namibia\Comoros",192,6873653807,21110379,20944,226.90607572173562,69089.39485419999,63471.6155181,1.332052896E8
ITU,International Telecommunication Union,1932-12-09,POINT(6.15 46.2),6.15,"46.2, 6.15",46.2,Geneva,"Canada\Micronesia\Federated States Of\Guinea-Bissa\Lithuania\Cambodia\Ethiopia\Swaziland\Argentina\Bolivia\Bahamas\The\Burkina Faso\Turkmenistan\Bahrain\Saudi Arabia\Rwanda\Congo\Republic Of The\Japan\Cape Verde\Guatemala\Kuwait\Holy See (Vatican City)\Dominica\Liberia\Maldives\Pakistan\Oman\Tanzania\Vietnam\Saint Kitts And Nevis\Gabon\Monaco\Senegal\New Zealand\Yemen\Jamaica\Albania\Samoa\United Arab Emirates\Uruguay\India\Azerbaijan\Madagascar\Lesotho\Saint Vincent And The Grenadines\Kenya\Tajikistan\Turkey\Afghanistan\Bangladesh\Mauritania\Solomon Islands\Saint Lucia\Congo\Democratic Republic Of The\Tonga\France\Slovakia\Somalia\Per\Laos\Naur\Seychelles\Norway\Malawi\Benin\Cuba\Cameroon\Montenegro\Togo\China\Armenia\Dominican Republic\Ukraine\Ghana\Finland\Libya\Central African Republic\Mauritius\Liechtenstein\Belarus\Antigua And Barbuda\Poland\Russia\Bulgaria\United States\Romania\Angola\Chad\South Africa\Cyprus\Sweden\Qatar\Malaysia\Austria\Latvia\Uganda\Niger\Brazil\San Marino\Guinea\Panama\Mali\Costa Rica\Luxembourg\Andorra\Ireland\Nigeria\Ecuador\Czech Republic\Brunei\Australia\Iran\Algeria\Slovenia\El Salvador\Tuval\Jordan\Marshall Islands\Chile\Belgium\Kiribati\Haiti\Belize\Sierra Leone\Georgia\Mexico\Denmark\Philippines\Sao Tome And Principe\Moldova\Morocco\Croatia\Mongolia\Thailand\Switzerland\Grenada\Korea\North\Iraq\Portugal\Estonia\Equatorial Guinea\Lebanon\Korea\South\Uzbekistan\Tunisia\Djibouti\Timor-Leste\Spain\Colombia\Burundi\Fiji\Barbados\Hungary\Italy\Bhutan\Sudan\Nepal\Malta\Netherlands\Bosnia And Herzegovina\Suriname\Venezuela\Israel\Indonesia\Iceland\Zambia\Mozambique\Papua New Guinea\Zimbabwe\Germany\Vanuat\Kazakhstan\u""Cote DIvoire""\Eritrea\Kyrgyzstan\Macedonia\Sri Lanka\Guyana\Syria\Burma\Honduras\Egypt\Nicaragua\Singapore\Serbia\Botswana\United Kingdom\Trinidad And Tobago\Gambia\The\Greece\Paraguay\Namibia\Comoros",199,6884900965,21371879,20944,236.01593641149785,72570.78312282,65590.82173329999,1.3367986603999999E8
Intelsat,International Telecommunications Satellite Organization,1971-08-20,POINT(6.132777777 49.610555555),6.132777777,"49.610555555, 6.132777777",49.610555555,Luxembourg,,0,0,0,0,0.0,0.0,0.0,0.0
IDB,Islamic Development Bank,1973-12-15,POINT(39.172777777 21.542777777),39.172777777,"21.542777777, 39.172777777",21.542777776999998,Jeddah,"Guinea-Bissa\Burkina Faso\Turkmenistan\Bahrain\Saudi Arabia\Kuwait\Maldives\Pakistan\Oman\Gabon\Senegal\Yemen\Albania\United Arab Emirates\Azerbaijan\Tajikistan\Turkey\Afghanistan\Bangladesh\Mauritania\Somalia\Benin\Cameroon\Togo\Libya\Chad\Qatar\Malaysia\Uganda\Niger\Guinea\Mali\Nigeria\Brunei\Iran\Algeria\Jordan\Sierra Leone\Morocco\Iraq\Lebanon\Uzbekistan\Tunisia\Djibouti\Sudan\Bosnia And Herzegovina\Suriname\Indonesia\Mozambique\Kazakhstan\u""Cote DIvoire""\Kyrgyzstan\Syria\Egypt\Gambia\The\Comoros",57,1600461768,5908300,19630,91.45720200098947,28910.255743899997,22879.723535599995,3.2201326E7
LAES,Latin American Economic System,1975-10-17,POINT(-66.933333333 10.5),-66.93333333300001,"10.5, -66.933333333",10.5,Caracas,Argentina\Bolivia\Bahamas\The\Guatemala\Jamaica\Uruguay\Per\Cuba\Dominican Republic\Brazil\Panama\Costa Rica\Ecuador\El Salvador\Chile\Haiti\Belize\Mexico\Grenada\Colombia\Barbados\Suriname\Venezuela\Guyana\Honduras\Nicaragua\Trinidad And Tobago\Paraguay,29,591185562,2332417,202,27.435587113974016,10283.807632600001,8753.599880399997,2.0435757E7
LAIA,Latin American Integration Association,1980-08-12,POINT(-56.166666666 -34.866944444),-56.166666666000005,"-34.866944444, -56.166666666",-34.866944444,Montevideo,Argentina\Bolivia\Japan\Guatemala\European Union\Uruguay\Per\Cuba\China\Dominican Republic\Ukraine\Russia\Romania\Brazil\San Marino\Panama\Costa Rica\Ecuador\El Salvador\Chile\Mexico\Switzerland\Portugal\Korea\South\Spain\Colombia\Italy\Venezuela\Honduras\Nicaragua\Paraguay,32,2911421938,8758253,202,37.15606487517086,11056.8791737,9871.158459599998,5.3255178E7
MTCR,Missile Technology Control Regime,1987-04-16,,,,,,,0,0,0,0,0.0,0.0,0.0,0.0
NAM,Nonaligned Movement,1961-09-01,POINT(106.8294444 -6.18638889),106.82944440000001,"-6.18638889, 106.8294444",-6.18638889,Central Jakarta,"Guinea-Bissa\Cambodia\Ethiopia\Swaziland\Argentina\Bolivia\Bahamas\The\Burkina Faso\Turkmenistan\Bahrain\Saudi Arabia\Rwanda\Congo\Republic Of The\Cape Verde\Guatemala\Kuwait\Dominica\Liberia\Maldives\Pakistan\Oman\Tanzania\Vietnam\Saint Kitts And Nevis\Gabon\Senegal\Yemen\Jamaica\United Arab Emirates\Uruguay\India\Azerbaijan\Madagascar\Lesotho\Saint Vincent And The Grenadines\Kenya\Tajikistan\Afghanistan\Bangladesh\Mauritania\Saint Lucia\Congo\Democratic Republic Of The\Somalia\Per\Laos\Seychelles\Malawi\Benin\Cuba\Cameroon\Montenegro\Togo\China\Armenia\Dominican Republic\Ukraine\Ghana\Libya\Central African Republic\Mauritius\Belarus\Antigua And Barbuda\Angola\Chad\South Africa\Qatar\Malaysia\Uganda\Niger\Brazil\Guinea\Panama\Mali\Costa Rica\Nigeria\Ecuador\Brunei\Iran\Algeria\El Salvador\Jordan\Chile\Haiti\Belize\Sierra Leone\Mexico\Philippines\Sao Tome And Principe\Morocco\Croatia\Mongolia\Thailand\Grenada\Korea\North\Iraq\Equatorial Guinea\Lebanon\Uzbekistan\Tunisia\Djibouti\Timor-Leste\Colombia\Burundi\Barbados\Bhutan\Sudan\Nepal\Bosnia And Herzegovina\Suriname\Venezuela\Indonesia\Zambia\Mozambique\Papua New Guinea\Zimbabwe\Vanuat\Kazakhstan\u""Cote DIvoire""\Eritrea\Kyrgyzstan\Sri Lanka\Guyana\Syria\Burma\Honduras\Egypt\Nicaragua\Singapore\Serbia\Botswana\Trinidad And Tobago\Gambia\The\Paraguay\Namibia\Comoros",140,5579547778,16424083,20467,174.03936482050625,56718.27266682,50769.52149539999,8.24690446E7
NC,Nordic Council,1952-03-16,POINT(12.568888888 55.676111111),12.568888888,"55.676111111, 12.568888888",55.676111111000004,Copenhagen,Norway\Finland\Sweden\Faroe Islands\Denmark\Greenland\Iceland,7,24987710,87380,0,5.38313380521986,1546.7949641,1586.2635658,3425815.0
NIB,Nordic Investment Bank,1975-12-04,POINT(24.93417 60.17556),24.93417,"60.17556, 24.93417",60.17556,Helsinki,Lithuania\Norway\Finland\Sweden\Latvia\Faroe Islands\Denmark\Estonia\Greenland\Iceland,10,32010928,121830,0,8.897510571532658,3422.1949111,3023.0219875999996,3600932.0
ANC,North Atlantic Cooperation Council,1991-11-08,,,,,,,0,0,0,0,0.0,0.0,0.0,0.0
NATO,North Atlantic Treaty Organization,1949-09-17,POINT(4.3525 50.846666666),4.3525,"50.846666666, 4.3525",50.846666666000004,Brussels,Canada\Lithuania\Albania\Turkey\France\Slovakia\Norway\Poland\Bulgaria\United States\Romania\Latvia\Luxembourg\Czech Republic\Slovenia\Belgium\Denmark\Croatia\Portugal\Estonia\Spain\Hungary\Italy\Netherlands\Iceland\Germany\United Kingdom\Greece,28,912722104,4299140,421,41.26421557236216,10099.041473700001,8684.999806299998,2.4485966E7
EN,Nuclear Energy Agency,1958-01-01,POINT(2.241388888 48.835277777),2.241388888,"48.835277777, 2.241388888",48.835277776999995,Boulogne-Billancourt,,0,0,0,0,0.0,0.0,0.0,0.0
NSG,Nuclear Suppliers Group,,,,,,,Canada\Lithuania\Argentina\Japan\New Zealand\European Union\Turkey\France\Slovakia\Norway\China\Ukraine\Finland\Belarus\Poland\Russia\Bulgaria\United States\Romania\South Africa\Cyprus\Sweden\Austria\Latvia\Brazil\Luxembourg\Ireland\Czech Republic\Australia\Slovenia\Belgium\Denmark\Croatia\Switzerland\Portugal\Estonia\Korea\South\Spain\Hungary\Italy\Malta\Netherlands\Iceland\Germany\Kazakhstan\United Kingdom\Greece,48,3479703246,11180588,421,61.93978303601877,15608.185195,14316.900418599998,8.1007613E7
OECD,Organization for Economic Cooperation and Development,1960-12-14,,,,,,Canada\Japan\New Zealand\European Union\Turkey\France\Slovakia\Norway\Finland\Poland\Russia\United States\Sweden\Austria\Luxembourg\Ireland\Czech Republic\Australia\Slovenia\Chile\Belgium\Mexico\Denmark\Switzerland\Portugal\Estonia\Korea\South\Spain\Hungary\Italy\Netherlands\Israel\Iceland\Germany\United Kingdom\Greece,37,1875882040,7251106,477,52.77010423946811,9260.7884002,8508.136697299999,5.7556162E7
OSCE,Organization for Security and Cooperation in Europe,1995-01-01,POINT(16.3665 48.21),16.3665,"48.21, 16.3665",48.21,Q2047146,Canada\Lithuania\Turkmenistan\Japan\Holy See (Vatican City)\Monaco\Albania\Azerbaijan\Tajikistan\Turkey\Afghanistan\France\Slovakia\Norway\Montenegro\Armenia\Ukraine\Finland\Liechtenstein\Belarus\Poland\Russia\Bulgaria\United States\Romania\Cyprus\Sweden\Austria\Latvia\San Marino\Luxembourg\Andorra\Ireland\Czech Republic\Australia\Algeria\Slovenia\Jordan\Belgium\Georgia\Denmark\Moldova\Morocco\Croatia\Mongolia\Thailand\Switzerland\Portugal\Estonia\Korea\South\Uzbekistan\Tunisia\Spain\Hungary\Italy\Malta\Netherlands\Bosnia And Herzegovina\Israel\Iceland\Germany\Kazakhstan\Kyrgyzstan\Macedonia\Egypt\Serbia\United Kingdom\Greece,69,1709877430,7248770,8337,98.94389845255235,23435.3065411,21773.051796699994,6.283280244E7
OAU,Organization of African Unity,1963-05-25,,,,,,,0,0,0,0,0.0,0.0,0.0,0.0
OAS,Organization of American States,1948-04-30,POINT(-77.036666666 38.895),-77.036666666,"38.895, -77.036666666",38.895,"Washington, D.C.",Canada\Lithuania\Argentina\Bolivia\Bahamas\The\Saudi Arabia\Japan\Guatemala\Holy See (Vatican City)\Dominica\Pakistan\Saint Kitts And Nevis\Monaco\Yemen\European Union\Jamaica\Uruguay\India\Azerbaijan\Saint Vincent And The Grenadines\Turkey\Saint Lucia\France\Slovakia\Per\Norway\Benin\Cuba\China\Armenia\Dominican Republic\Ukraine\Ghana\Finland\Antigua And Barbuda\Poland\Russia\Bulgaria\United States\Romania\Angola\Cyprus\Sweden\Qatar\Austria\Latvia\Brazil\Panama\Costa Rica\Luxembourg\Ireland\Nigeria\Ecuador\Czech Republic\Algeria\Slovenia\El Salvador\Chile\Belgium\Haiti\Belize\Georgia\Mexico\Denmark\Philippines\Morocco\Croatia\Thailand\Switzerland\Grenada\Portugal\Estonia\Equatorial Guinea\Lebanon\Korea\South\Tunisia\Spain\Colombia\Barbados\Hungary\Italy\Netherlands\Bosnia And Herzegovina\Suriname\Venezuela\Israel\Iceland\Germany\Vanuat\Kazakhstan\Sri Lanka\Guyana\Honduras\Egypt\Nicaragua\Serbia\United Kingdom\Trinidad And Tobago\Greece\Paraguay,102,5761327362,18498317,5078,138.9019859593855,36840.68019501999,33192.926603700005,9.526704903999999E7
OAPEC,Organization of Arab Petroleum Exporting Countries,1968-01-09,POINT(47.6 29.166667),47.6,"29.166667, 47.6",29.166666999999997,Kuwait,Bahrain\Saudi Arabia\Kuwait\United Arab Emirates\Libya\Qatar\Algeria\Iraq\Tunisia\Syria\Egypt,11,223157757,1521260,5101,27.97968952410184,4102.6154863,3774.8620541,8193292.0
OECS,Organization of Eastern Caribbean States,1981-06-18,,,,,,Dominica\Saint Kitts And Nevis\Saint Vincent And The Grenadines\Saint Lucia\Antigua And Barbuda\British Virgin Islands\Grenada\Anguilla\Montserrat,9,630629,180,0,0.0,369.93183782,533.5451105,3147.6
OPEC,Organization of Petroleum Exporting Countries,1960-09-14,,,,,,Saudi Arabia\Kuwait\United Arab Emirates\Libya\Angola\Qatar\Nigeria\Ecuador\Iran\Algeria\Iraq\Venezuela,12,395804900,1791983,5425,29.7569173103059,5336.226977100001,5184.759903499999,1.1856566E7
OIC,Organization of the Islamic Conference,1969-09-22,,,,,,"Guinea-Bissa\Burkina Faso\Turkmenistan\Bahrain\Saudi Arabia\Kuwait\Maldives\Pakistan\Oman\Gabon\Senegal\Yemen\Albania\United Arab Emirates\Azerbaijan\Tajikistan\Turkey\Afghanistan\Bangladesh\Mauritania\Somalia\Benin\Cameroon\Togo\Libya\Central African Republic\Russia\Chad\Qatar\Malaysia\Uganda\Niger\Guinea\Mali\Nigeria\Brunei\Iran\Algeria\Jordan\Sierra Leone\Morocco\Thailand\Iraq\Lebanon\Uzbekistan\Tunisia\Djibouti\Sudan\Bosnia And Herzegovina\Suriname\Indonesia\Mozambique\Kazakhstan\u""Cote DIvoire""\Kyrgyzstan\Guyana\Syria\Egypt\Gambia\The\Comoros",61,1811616608,6387100,19840,96.58185135627483,29576.131166499996,23823.135748499993,5.0650641E7
PFP,Partnership for Peace,1994-01-10,POINT(4.426111111 50.879305555),4.426111111,"50.879305555, 4.426111111",50.879305555,NATO Headquarters,Turkmenistan\Azerbaijan\Tajikistan\Montenegro\Armenia\Ukraine\Finland\Belarus\Russia\Sweden\Austria\Ireland\Georgia\Moldova\Switzerland\Uzbekistan\Malta\Bosnia And Herzegovina\Kazakhstan\Kyrgyzstan\Macedonia\Serbia,22,325512250,881794,28,27.96204627996824,9233.3132489,8347.5913968,2.328511E7
PCA,Permanent Court of Arbitration,1899-07-29,POINT(4.3175 52.084166666),4.3175,"52.084166666, 4.3175",52.084166666,The Hague,Canada\Lithuania\Cambodia\Ethiopia\Swaziland\Argentina\Bolivia\Burkina Faso\Bahrain\Saudi Arabia\Japan\Guatemala\Kuwait\Pakistan\Senegal\New Zealand\United Arab Emirates\Uruguay\India\Madagascar\Kenya\Turkey\Congo\Democratic Republic Of The\France\Slovakia\Per\Laos\Norway\Benin\Cuba\Cameroon\Montenegro\Togo\China\Dominican Republic\Ukraine\Finland\Libya\Mauritius\Liechtenstein\Belarus\Poland\Russia\Bulgaria\United States\Romania\South Africa\Cyprus\Sweden\Qatar\Malaysia\Austria\Latvia\Uganda\Brazil\Panama\Costa Rica\Luxembourg\Ireland\Nigeria\Ecuador\Czech Republic\Australia\Iran\Slovenia\El Salvador\Jordan\Chile\Belgium\Haiti\Belize\Mexico\Denmark\Philippines\Morocco\Croatia\Thailand\Switzerland\Iraq\Portugal\Estonia\Lebanon\Korea\South\Spain\Colombia\Fiji\Hungary\Italy\Sudan\Malta\Netherlands\Suriname\Venezuela\Israel\Iceland\Zambia\Zimbabwe\Germany\Eritrea\Kyrgyzstan\Macedonia\Sri Lanka\Guyana\Honduras\Egypt\Nicaragua\Singapore\Serbia\United Kingdom\Greece\Paraguay,113,5793774478,18200995,11137,163.28706614801982,39631.68865679998,35474.901181500005,1.0747484E8
RG,Rio Group,1988-01-01,POINT(-58.0 -23.5),-58.0,"-23.5, -58.0",-23.5,Paraguay,Argentina\Bolivia\Guatemala\Jamaica\Uruguay\Per\Cuba\Dominican Republic\Brazil\Panama\Costa Rica\Ecuador\El Salvador\Chile\Haiti\Belize\Mexico\Colombia\Suriname\Venezuela\Guyana\Honduras\Nicaragua\Paraguay,24,589249621,2326907,202,26.86121346360103,9549.7091084,8026.407766499999,2.0415975E7
SAARC,South Asian Association for Regional Cooperation,1985-12-08,POINT(85.366666666 27.716666666),85.366666666,"27.716666666, 85.366666666",27.716666666,Kathmandu,Japan\Maldives\Pakistan\European Union\India\Afghanistan\Bangladesh\China\Mauritius\United States\Australia\Iran\Korea\South\Bhutan\Nepal\Sri Lanka\Burma,18,4089229952,11490366,10699,24.27578475990747,4641.957726899998,5684.818933499999,3.9425155E7
SPC,South Pacific Commission,1947-02-06,POINT(166.45 -22.266666666),166.45,"-22.266666666, 166.45",-22.266666666,Noumea,Micronesia\Federated States Of\Niue\New Zealand\Samoa\Guam\Solomon Islands\Tonga\French Polynesia\France\Naur\Cook Islands\Wallis And Futuna\New Caledonia\United States\Tokela\American Samoa\Pala\Australia\Tuval\Pitcairn Islands\Marshall Islands\Kiribati\Fiji\Northern Mariana Islands\Papua New Guinea\Vanuat,27,413960234,1924550,0,11.86536167632053,4306.465209984,4772.41147498,1.8939728E7
SPF,South Pacific Forum,1971-08-05,POINT(178.433333333 -18.133333333),178.43333333299998,"-18.133333333, 178.433333333",-18.133333333,Suva,,0,0,0,0,0.0,0.0,0.0,0.0
Sparteca,South Pacific Regional Trade and Economic Cooperation Agreement,1981-01-01,POINT(178.433333333 -18.133333333),178.43333333299998,"-18.133333333, 178.433333333",-18.133333333,Suva,Micronesia\Federated States Of\Niue\New Zealand\Samoa\Solomon Islands\Tonga\Naur\Cook Islands\Pala\Australia\Tuval\Marshall Islands\Kiribati\Fiji\Papua New Guinea\Vanuat,17,34551323,72200,0,5.030996138930789,3438.4047644800003,3448.776742899999,8537403.0
SACU,Southern African Customs Union,1969-12-11,POINT(17.083611111 -22.57),17.083611111,"-22.57, 17.083611111",-22.57,Windhoek,Swaziland\Lesotho\South Africa\Botswana\Namibia,5,56512324,105282,0,8.95947264416276,1447.6482471,1502.8068755000002,2672831.0
SADC,Southern African Development Community,1992-08-17,POINT(25.908611111 -24.656944444),25.908611111,"-24.656944444, 25.908611111",-24.656944444,Gaborone,Swaziland\Tanzania\Madagascar\Lesotho\Congo\Democratic Republic Of The\Seychelles\Malawi\Mauritius\Angola\South Africa\Zambia\Mozambique\Zimbabwe\Botswana\Namibia,16,272423228,360952,0,19.396416248493917,6106.5398942,5727.602091899999,9862464.0
Mercosur,Southern Cone Common Market,1991-03-26,POINT(-56.166666666 -34.866944444),-56.166666666000005,"-34.866944444, -56.166666666",-34.866944444,Montevideo,Argentina\Bolivia\Uruguay\Per\Brazil\Ecuador\Chile\Colombia\Venezuela\Paraguay,10,398592107,1746887,202,16.244985620060923,4141.2375609,4028.8074629999996,1.7352664E7
UN,United Nations,1945-06-26,POINT(-73.968055555 40.749444444),-73.968055555,"40.749444444, -73.968055555",40.749444444,Q11297,"Canada\Micronesia\Federated States Of\Guinea-Bissa\Lithuania\Cambodia\Ethiopia\Swaziland\Argentina\Bolivia\Bahamas\The\Burkina Faso\Turkmenistan\Bahrain\Saudi Arabia\Rwanda\Congo\Republic Of The\Japan\Cape Verde\Guatemala\Kuwait\Holy See (Vatican City)\Dominica\Liberia\Maldives\Pakistan\Oman\Tanzania\Vietnam\Saint Kitts And Nevis\Gabon\Monaco\Senegal\New Zealand\Yemen\European Union\Jamaica\Albania\Samoa\United Arab Emirates\Uruguay\India\Azerbaijan\Madagascar\Lesotho\Saint Vincent And The Grenadines\Kenya\Tajikistan\Turkey\Afghanistan\Bangladesh\Mauritania\Solomon Islands\Saint Lucia\Congo\Democratic Republic Of The\Tonga\France\Slovakia\Somalia\Per\Laos\Naur\Seychelles\Norway\Malawi\Benin\Cuba\Cameroon\Montenegro\Togo\China\Armenia\Dominican Republic\Ukraine\Ghana\Finland\Libya\Central African Republic\Mauritius\Liechtenstein\Belarus\Antigua And Barbuda\Poland\Russia\Bulgaria\United States\Romania\Angola\Chad\South Africa\Cyprus\Sweden\Qatar\Malaysia\Austria\Latvia\Uganda\Niger\Brazil\San Marino\Guinea\Panama\Mali\Costa Rica\Luxembourg\Andorra\Ireland\Pala\Nigeria\Ecuador\Czech Republic\Brunei\Australia\Iran\Algeria\Slovenia\El Salvador\Tuval\Jordan\Marshall Islands\Chile\Belgium\Kiribati\Haiti\Belize\Sierra Leone\Georgia\Mexico\Denmark\Philippines\Sao Tome And Principe\Moldova\Morocco\Croatia\Mongolia\Thailand\Switzerland\Grenada\Korea\North\Iraq\Portugal\Estonia\Equatorial Guinea\Lebanon\Korea\South\Uzbekistan\Tunisia\Djibouti\Timor-Leste\Spain\Colombia\Burundi\Fiji\Barbados\Hungary\Italy\Bhutan\Sudan\Nepal\Malta\Netherlands\Bosnia And Herzegovina\Suriname\Venezuela\Israel\Indonesia\Iceland\Zambia\Mozambique\Papua New Guinea\Zimbabwe\Germany\Vanuat\Kazakhstan\u""Cote DIvoire""\Eritrea\Kyrgyzstan\Macedonia\Sri Lanka\Guyana\Syria\Burma\Honduras\Egypt\Nicaragua\Singapore\Serbia\Botswana\United Kingdom\Trinidad And Tobago\Gambia\The\Greece\Paraguay\Namibia\Comoros",201,7377309265,23542209,20944,237.63135604788843,72622.9207662,65692.45823999999,1.3800510704E8
UNAVEM III,United Nations Angola Verification Mission,1988-12-20,,,,,,,0,0,0,0,0.0,0.0,0.0,0.0
UNAMIR,United Nations Assistance Mission for Rwanda,1993-10-05,POINT(-73.94 40.67),-73.94,"40.67, -73.94",40.67,New York City,,0,0,0,0,0.0,0.0,0.0,0.0
UNCRO,United Nations Confidence Restoration Operation in Croatia,1995-03-31,POINT(15.95 45.8),15.95,"45.8, 15.95",45.8,Zagreb,,0,0,0,0,0.0,0.0,0.0,0.0
UNDOF,United Nations Disengagement Observer Force,1974-05-31,POINT(38.583333 35.216667),38.583333,"35.216667, 38.583333",35.216667,Syria,Canada\Japan\India\Austria\Philippines\Croatia,6,1464214181,3183286,783,8.603722825678028,1740.186846,2040.7190496,1.4090313E7
UNESCO,"United Nations Educational, Scientific, and Cultural Organization",1945-11-16,,,,,,"Canada\Micronesia\Federated States Of\Guinea-Bissa\Lithuania\Cambodia\Ethiopia\Aruba\Swaziland\Argentina\Bolivia\Bahamas\The\Burkina Faso\Turkmenistan\Bahrain\Saudi Arabia\Rwanda\Congo\Republic Of The\Japan\Cape Verde\Guatemala\Kuwait\Dominica\Liberia\Maldives\Pakistan\Oman\Tanzania\Vietnam\Saint Kitts And Nevis\Gabon\Niue\Monaco\Senegal\New Zealand\Yemen\Jamaica\Albania\Samoa\Maca\United Arab Emirates\Uruguay\India\Azerbaijan\Madagascar\Lesotho\Saint Vincent And The Grenadines\Kenya\Tajikistan\Turkey\Afghanistan\Bangladesh\Mauritania\Solomon Islands\Saint Lucia\Congo\Democratic Republic Of The\Tonga\France\Slovakia\Somalia\Per\Laos\Naur\Seychelles\Norway\Malawi\Cook Islands\Benin\Cuba\Cameroon\Montenegro\Togo\China\Armenia\Dominican Republic\Ukraine\Ghana\Finland\Libya\Cayman Islands\Central African Republic\Mauritius\Belarus\Antigua And Barbuda\Poland\Russia\Bulgaria\United States\Romania\Angola\Chad\South Africa\Tokela\Cyprus\Sweden\Qatar\Malaysia\Austria\Latvia\Uganda\British Virgin Islands\Niger\Brazil\San Marino\Faroe Islands\Guinea\Panama\Mali\Costa Rica\Luxembourg\Andorra\Ireland\Pala\Nigeria\Ecuador\Czech Republic\Brunei\Australia\Iran\Algeria\Slovenia\El Salvador\Tuval\Jordan\Marshall Islands\Chile\Belgium\Kiribati\Haiti\Belize\Sierra Leone\Georgia\Mexico\Denmark\Philippines\Sao Tome And Principe\Moldova\Morocco\Croatia\Mongolia\Thailand\Switzerland\Grenada\Korea\North\Iraq\Portugal\Estonia\Equatorial Guinea\Lebanon\Korea\South\Uzbekistan\Tunisia\Djibouti\Timor-Leste\Spain\Colombia\Burundi\Fiji\Barbados\Hungary\Italy\Bhutan\Sudan\Nepal\Malta\Netherlands\Bosnia And Herzegovina\Suriname\Venezuela\Israel\Indonesia\Iceland\Zambia\Mozambique\Papua New Guinea\Zimbabwe\Germany\Vanuat\Kazakhstan\u""Cote DIvoire""\Eritrea\Kyrgyzstan\Macedonia\Sri Lanka\Guyana\Syria\Burma\Honduras\Egypt\Nicaragua\Singapore\Serbia\Botswana\United Kingdom\Trinidad And Tobago\Gambia\The\Greece\Paraguay\Namibia\Comoros",206,6885704822,21371879,20944,236.01593641149785,73381.86395130002,66386.5451573,1.3368268880000001E8
UNFICYP,United Nations Force in Cyprus,1964-03-04,,,,,,Canada\Argentina\Bolivia\Slovakia\Per\Austria\Brazil\Chile\Croatia\Hungary\Serbia\United Kingdom\Paraguay,13,440108633,1565080,0,17.574551705735583,4893.791371400001,4383.013368100001,2.543021E7
UNIDO,United Nations Industrial Development Organization,1966-11-17,POINT(16.373064 48.20833),16.373064000000003,"48.20833, 16.373064",48.20833,Vienna,"Guinea-Bissa\Lithuania\Cambodia\Ethiopia\Swaziland\Argentina\Bolivia\Bahamas\The\Burkina Faso\Turkmenistan\Bahrain\Saudi Arabia\Rwanda\Congo\Republic Of The\Japan\Cape Verde\Guatemala\Kuwait\Dominica\Liberia\Maldives\Pakistan\Oman\Tanzania\Vietnam\Saint Kitts And Nevis\Gabon\Monaco\Senegal\New Zealand\Yemen\Jamaica\Albania\Samoa\United Arab Emirates\Uruguay\India\Azerbaijan\Madagascar\Lesotho\Saint Vincent And The Grenadines\Kenya\Tajikistan\Turkey\Afghanistan\Bangladesh\Mauritania\Saint Lucia\Congo\Democratic Republic Of The\Tonga\France\Slovakia\Somalia\Per\Laos\Seychelles\Norway\Malawi\Benin\Cuba\Cameroon\Montenegro\Togo\China\Armenia\Dominican Republic\Ukraine\Ghana\Finland\Libya\Central African Republic\Mauritius\Belarus\Poland\Russia\Bulgaria\Romania\Angola\Chad\South Africa\Cyprus\Sweden\Qatar\Malaysia\Uganda\Niger\Brazil\Guinea\Panama\Mali\Costa Rica\Luxembourg\Ireland\Nigeria\Ecuador\Czech Republic\Iran\Algeria\Slovenia\El Salvador\Jordan\Chile\Belgium\Haiti\Belize\Sierra Leone\Georgia\Mexico\Denmark\Philippines\Sao Tome And Principe\Moldova\Morocco\Croatia\Mongolia\Thailand\Switzerland\Grenada\Korea\North\Iraq\Portugal\Equatorial Guinea\Lebanon\Korea\South\Uzbekistan\Tunisia\Djibouti\Timor-Leste\Spain\Colombia\Burundi\Fiji\Barbados\Hungary\Italy\Bhutan\Sudan\Nepal\Malta\Netherlands\Bosnia And Herzegovina\Suriname\Venezuela\Israel\Indonesia\Zambia\Mozambique\Papua New Guinea\Zimbabwe\Germany\Vanuat\Kazakhstan\u""Cote DIvoire""\Eritrea\Kyrgyzstan\Macedonia\Sri Lanka\Guyana\Syria\Burma\Honduras\Egypt\Nicaragua\Serbia\Botswana\United Kingdom\Trinidad And Tobago\Gambia\The\Greece\Paraguay\Namibia\Comoros",178,6497605874,19546719,20944,221.72720069013795,67816.88170751999,61942.64948649999,1.05792382E8
UNITAR,United Nations Institute for Training and Research,1963-12-11,POINT(6.15 46.2),6.15,"46.2, 6.15",46.2,Geneva,Burkina Faso\Congo\Republic Of The\Guatemala\Jamaica\India\France\Norway\China\Russia\United States\South Africa\Brazil\Nigeria\Iran\Algeria\Switzerland,17,3613730677,8818892,1024,23.535387128302823,5778.2874816,5475.9972378,5.6149471E7
UNIFIL,United Nations Interim Force in Lebanon,1978-03-19,POINT(35.134166666 33.12),35.134166666,"33.12, 35.134166666",33.12,Naqoura,Cambodia\Guatemala\Tanzania\India\Turkey\Bangladesh\France\China\Ghana\Cyprus\Qatar\Malaysia\Ireland\Nigeria\Brunei\Slovenia\El Salvador\Belgium\Sierra Leone\Denmark\Croatia\Portugal\Korea\South\Spain\Hungary\Italy\Nepal\Indonesia\Germany\Macedonia\Greece,32,3696066217,9382350,1188,37.2400357076525,13071.868723399999,11388.8941947,2.1090791E7
UNIKOM,United Nations Iraq-Kuwait Observation Mission,1991-04-09,,,,,,,0,0,0,0,0.0,0.0,0.0,0.0
UNMOGIP,United Nations Military Observer Group in India and Pakistan,1948-08-13,POINT(73.036944444 33.698888888),73.036944444,"33.698888888, 73.036944444",33.698888888,Islamabad,Uruguay\Finland\Sweden\Chile\Philippines\Croatia\Korea\South\Italy,9,250634476,730150,350,11.060127344689269,1801.3028391999997,1895.2731643000002,2478411.0
MINURSO,United Nations Mission for the Referendum in Western Sahara,1991-04-29,POINT(-13.2 27.15),-13.2,"27.15, -13.2",27.15,Laayoune,Argentina\Pakistan\Yemen\Uruguay\Bangladesh\France\China\Ghana\Poland\Russia\Malaysia\Austria\Brazil\Guinea\Ireland\Nigeria\El Salvador\Jordan\Croatia\Mongolia\Korea\South\Djibouti\Hungary\Italy\Nepal\Sri Lanka\Honduras\Egypt\Greece\Paraguay,31,2728810998,6936330,3187,38.938477250163714,9416.0576539,9874.061107699998,4.6504511E7
UNMIH,United Nations Mission in Haiti,1993-09-23,,,,,,,0,0,0,0,0.0,0.0,0.0,0.0
UNMOT,United Nations Mission of Observers in Tajikistan,1994-12-16,POINT(68.786388888 38.573055555),68.786388888,"38.573055555, 68.786388888",38.573055555,Dushanbe,,0,0,0,0,0.0,0.0,0.0,0.0
UNOMIG,United Nations Observer Mission in Georgia,,POINT(41.015277777 43.003333333),41.015277777,"43.003333333, 41.015277777",43.003333333,Sukhumi,,0,0,0,0,0.0,0.0,0.0,0.0
UNOMIL,United Nations Observer Mission in Liberia,1993-09-22,POINT(-10.804722222 6.310555555),-10.804722222,"6.310555555, -10.804722222",6.310555555,Monrovia,,0,0,0,0,0.0,0.0,0.0,0.0
UNHCR,United Nations Office of the High Commissioner for Refugees,1949-12-03,,,,,,"Canada\Ethiopia\Argentina\Japan\Holy See (Vatican City)\Pakistan\Tanzania\New Zealand\Yemen\India\Madagascar\Lesotho\Kenya\Turkey\Bangladesh\Congo\Democratic Republic Of The\France\Somalia\Norway\Benin\Montenegro\China\Ghana\Finland\Poland\Russia\United States\Romania\South Africa\Cyprus\Sweden\Austria\Uganda\Brazil\Guinea\Costa Rica\Luxembourg\Ireland\Nigeria\Ecuador\Australia\Iran\Algeria\Slovenia\Jordan\Chile\Belgium\Mexico\Denmark\Philippines\Moldova\Morocco\Thailand\Switzerland\Portugal\Estonia\Lebanon\Korea\South\Tunisia\Djibouti\Spain\Colombia\Hungary\Italy\Sudan\Netherlands\Venezuela\Israel\Zambia\Mozambique\Germany\u""Cote DIvoire""\Macedonia\Egypt\Nicaragua\Serbia\United Kingdom\Greece\Namibia",81,5730440181,15671345,8570,115.46783960613946,26293.541542400006,25600.097684500004,1.0255748344E8
UNPREDEP,United Nations Preventive Deployment Force,1995-03-31,POINT(21.433333333 41.983333333),21.433333333,"41.983333333, 21.433333333",41.983333333000004,Skopje,,0,0,0,0,0.0,0.0,0.0,0.0
UNPROFOR,United Nations Protection Force,1992-02-28,POINT(15.95 45.8),15.95,"45.8, 15.95",45.8,Zagreb,,0,0,0,0,0.0,0.0,0.0,0.0
UNRWA,United Nations Relief and Works Agency for Palestine Refugees in the Near East,1949-12-08,POINT(35.933333333 31.95),35.933333333,"31.95, 35.933333333",31.95,Amman,Canada\Saudi Arabia\Japan\European Union\Turkey\France\Norway\Finland\United States\Sweden\Ireland\Australia\Jordan\Belgium\Denmark\Switzerland\Lebanon\Spain\Italy\Netherlands\Germany\Syria\Egypt\United Kingdom,24,1589471530,6599266,421,46.64981598483063,6099.825359800001,5577.172413399999,3.9772685E7
UNTSO,United Nations Truce Supervision Organization,1948-05-01,POINT(35.036944444 31.753888888),35.036944444,"31.753888888, 35.036944444",31.753888888000002,Jerusalem District,Canada\Argentina\New Zealand\France\Slovakia\Norway\China\Finland\Russia\United States\Sweden\Austria\Ireland\Australia\Slovenia\Chile\Belgium\Denmark\Switzerland\Estonia\Italy\Nepal\Netherlands,23,2144293529,5899700,0,31.716600969613843,6042.5850267000005,6108.7292173,6.0589365E7
UNU,United Nations University,1973-12-06,POINT(139.692222222 35.689722222),139.692222222,"35.689722222, 139.692222222",35.689722222,Tokyo,,0,0,0,0,0.0,0.0,0.0,0.0
UPU,Universal Postal Union,1874-10-09,POINT(7.44743 46.94798),7.447430000000001,"46.94798, 7.44743",46.94798,Bern,"Canada\Saint Martin\Guinea-Bissa\Lithuania\Cambodia\Ethiopia\Aruba\Swaziland\Argentina\Bolivia\Bahamas\The\Burkina Faso\Turkmenistan\Bahrain\Saudi Arabia\Rwanda\Congo\Republic Of The\Japan\Cape Verde\Saint Pierre And Miquelon\Guatemala\Kuwait\Holy See (Vatican City)\Saint Barthelemy\Dominica\Liberia\Maldives\Pakistan\Oman\Tanzania\Vietnam\Saint Kitts And Nevis\Gabon\Niue\Monaco\Senegal\New Zealand\Yemen\Jamaica\Albania\Samoa\Maca\United Arab Emirates\Guam\Uruguay\India\Azerbaijan\Madagascar\Lesotho\Saint Vincent And The Grenadines\Saint Helena\Ascension\And Tristan Da Cunha\Kenya\Tajikistan\Turkey\Afghanistan\Bangladesh\Mauritania\Solomon Islands\Saint Lucia\Congo\Democratic Republic Of The\Tonga\French Polynesia\France\Bermuda\Slovakia\Somalia\Per\Laos\Naur\Seychelles\Norway\Malawi\Cook Islands\Benin\Wallis And Futuna\Cuba\Cameroon\Montenegro\Togo\Virgin Islands\China\Armenia\Dominican Republic\Ukraine\Ghana\Finland\Libya\Cayman Islands\Central African Republic\New Caledonia\Mauritius\Liechtenstein\Belarus\Antigua And Barbuda\Poland\Russia\Bulgaria\United States\Romania\Angola\Chad\South Africa\Tokela\Cyprus\Sweden\Qatar\Malaysia\Austria\Latvia\Uganda\British Virgin Islands\Niger\Brazil\Turks And Caicos Islands\San Marino\Faroe Islands\Guinea\Panama\Mali\Costa Rica\Luxembourg\American Samoa\Gibraltar\Ireland\Nigeria\Ecuador\Czech Republic\Brunei\Australia\Iran\Algeria\Slovenia\El Salvador\Tuval\Pitcairn Islands\Jordan\Chile\Puerto Rico\Belgium\Kiribati\Haiti\Belize\Hong Kong\Sierra Leone\Georgia\Mexico\Denmark\Philippines\Sao Tome And Principe\Moldova\Morocco\Croatia\Mongolia\Guernsey\Thailand\Switzerland\Grenada\Korea\North\Iraq\Portugal\Estonia\Norfolk Island\Equatorial Guinea\Lebanon\Korea\South\Uzbekistan\Tunisia\Djibouti\Greenland\Timor-Leste\Spain\Colombia\Burundi\Fiji\Northern Mariana Islands\Barbados\Falkland Islands (Islas Malvinas)\Hungary\Isle Of Man\Italy\Bhutan\Sudan\Nepal\Malta\Netherlands\Bosnia And Herzegovina\Suriname\Anguilla\Venezuela\Israel\Indonesia\Iceland\Zambia\Mozambique\Papua New Guinea\Zimbabwe\Germany\Vanuat\Kazakhstan\u""Cote DIvoire""\Eritrea\Kyrgyzstan\Montserrat\Macedonia\Sri Lanka\Guyana\Syria\Burma\Honduras\Egypt\Nicaragua\Singapore\Serbia\Botswana\United Kingdom\Trinidad And Tobago\Gambia\The\Greece\Paraguay\Namibia\Comoros",229,6897972592,21371879,20944,236.01593641149785,73521.81666005401,67515.28865768,1.3590273214E8
WADB,West African Development Bank,1973-11-14,POINT(1.222777777 6.131944444),1.2227777770000001,"6.131944444, 1.222777777",6.131944444,Lomé,"Guinea-Bissa\Burkina Faso\Senegal\Togo\Niger\Mali\u""Cote DIvoire""",7,89896876,68650,141,10.005333464574479,3338.9198329,2807.846858,3393487.0
WEU,Western European Union,1954-10-23,POINT(4.3525 50.846666666),4.3525,"50.846666666, 4.3525",50.846666666000004,Brussels metropolitan area,,0,0,0,0,0.0,0.0,0.0,0.0
WCL,World Confederation of Labor,1920-06-19,POINT(4.3525 50.846666666),4.3525,"50.846666666, 4.3525",50.846666666000004,Brussels,,0,0,0,0,0.0,0.0,0.0,0.0
WFTU,World Federation of Trade Unions,1945-10-03,POINT(23.716111111 37.979444444),23.716111111,"37.979444444, 23.716111111",37.979444444,Athens,"Canada\Guinea-Bissa\Cambodia\Ethiopia\Argentina\Bolivia\Burkina Faso\Turkmenistan\Bahrain\Saudi Arabia\Congo\Republic Of The\Japan\Saint Pierre And Miquelon\Guatemala\Kuwait\Liberia\Pakistan\Oman\Tanzania\Vietnam\Senegal\New Zealand\Yemen\Jamaica\Albania\India\Azerbaijan\Madagascar\Lesotho\Saint Vincent And The Grenadines\Tajikistan\Turkey\Afghanistan\Bangladesh\Solomon Islands\Saint Lucia\Congo\Democratic Republic Of The\France\Western Sahara\Slovakia\Somalia\Per\Laos\Malawi\Benin\Cuba\Cameroon\Togo\Virgin Islands\Armenia\Dominican Republic\Ukraine\Ghana\Finland\Libya\New Caledonia\Mauritius\Belarus\Antigua And Barbuda\Poland\Russia\Bulgaria\Romania\Angola\South Africa\Cyprus\Sweden\Malaysia\Austria\Uganda\Niger\Brazil\Guinea\Panama\Mali\Costa Rica\Nigeria\Ecuador\Czech Republic\Australia\Iran\El Salvador\Jordan\Chile\Haiti\Sierra Leone\Mexico\Philippines\Thailand\Korea\North\Iraq\Portugal\Lebanon\Uzbekistan\Tunisia\Djibouti\Colombia\Fiji\Barbados\Hungary\Sudan\Nepal\Venezuela\Indonesia\Mozambique\Papua New Guinea\Zimbabwe\Vanuat\Kazakhstan\u""Cote DIvoire""\Eritrea\Kyrgyzstan\Sri Lanka\Guyana\Syria\Honduras\Egypt\Botswana\Trinidad And Tobago\Gambia\The\Greece",125,4581589514,14390979,20563,155.6168749932552,46584.0296457,40834.90116609999,1.002195086E8
WHO,World Health Organization,1946-07-22,POINT(6.15 46.2),6.15,"46.2, 6.15",46.2,Geneva,"Canada\Micronesia\Federated States Of\Guinea-Bissa\Lithuania\Cambodia\Ethiopia\Swaziland\Argentina\Bolivia\Bahamas\The\Burkina Faso\Turkmenistan\Bahrain\Saudi Arabia\Rwanda\Congo\Republic Of The\Japan\Cape Verde\Guatemala\Kuwait\Dominica\Liberia\Maldives\Pakistan\Oman\Tanzania\Vietnam\Saint Kitts And Nevis\Gabon\Niue\Monaco\Senegal\New Zealand\Yemen\Jamaica\Albania\Samoa\United Arab Emirates\Uruguay\India\Azerbaijan\Madagascar\Lesotho\Saint Vincent And The Grenadines\Kenya\Tajikistan\Turkey\Afghanistan\Bangladesh\Mauritania\Solomon Islands\Saint Lucia\Congo\Democratic Republic Of The\Tonga\France\Slovakia\Somalia\Per\Laos\Naur\Seychelles\Norway\Malawi\Cook Islands\Benin\Cuba\Cameroon\Montenegro\Togo\China\Armenia\Dominican Republic\Ukraine\Ghana\Finland\Libya\Central African Republic\Mauritius\Belarus\Antigua And Barbuda\Poland\Russia\Bulgaria\United States\Romania\Angola\Chad\South Africa\Cyprus\Sweden\Qatar\Malaysia\Austria\Latvia\Uganda\Niger\Brazil\San Marino\Guinea\Panama\Mali\Costa Rica\Luxembourg\Andorra\Ireland\Pala\Nigeria\Ecuador\Czech Republic\Brunei\Australia\Iran\Algeria\Slovenia\El Salvador\Tuval\Jordan\Marshall Islands\Chile\Belgium\Kiribati\Haiti\Belize\Sierra Leone\Georgia\Mexico\Denmark\Philippines\Sao Tome And Principe\Moldova\Morocco\Croatia\Mongolia\Thailand\Switzerland\Grenada\Korea\North\Iraq\Portugal\Estonia\Equatorial Guinea\Lebanon\Korea\South\Uzbekistan\Tunisia\Djibouti\Timor-Leste\Spain\Colombia\Burundi\Fiji\Barbados\Hungary\Italy\Bhutan\Sudan\Nepal\Malta\Netherlands\Bosnia And Herzegovina\Suriname\Venezuela\Israel\Indonesia\Iceland\Zambia\Mozambique\Papua New Guinea\Zimbabwe\Germany\Vanuat\Kazakhstan\u""Cote DIvoire""\Eritrea\Kyrgyzstan\Macedonia\Sri Lanka\Guyana\Syria\Burma\Honduras\Egypt\Nicaragua\Singapore\Serbia\Botswana\United Kingdom\Trinidad And Tobago\Gambia\The\Greece\Paraguay\Namibia\Comoros",200,6884898288,21371879,20944,236.01593641149785,72622.9207662,65692.45823999999,1.336806606E8
WIPO,World Intellectual Property Organization,1967-07-14,POINT(6.15 46.2),6.15,"46.2, 6.15",46.2,Geneva,"Canada\Guinea-Bissa\Lithuania\Cambodia\Ethiopia\Swaziland\Argentina\Bolivia\Bahamas\The\Burkina Faso\Turkmenistan\Bahrain\Saudi Arabia\Rwanda\Congo\Republic Of The\Japan\Cape Verde\Guatemala\Kuwait\Holy See (Vatican City)\Dominica\Liberia\Maldives\Pakistan\Oman\Tanzania\Vietnam\Saint Kitts And Nevis\Gabon\Monaco\Senegal\New Zealand\Yemen\Jamaica\Albania\Samoa\United Arab Emirates\Uruguay\India\Azerbaijan\Madagascar\Lesotho\Saint Vincent And The Grenadines\Kenya\Tajikistan\Turkey\Afghanistan\Bangladesh\Mauritania\Saint Lucia\Congo\Democratic Republic Of The\Tonga\France\Slovakia\Somalia\Per\Laos\Seychelles\Norway\Malawi\Benin\Cuba\Cameroon\Montenegro\Togo\China\Armenia\Dominican Republic\Ukraine\Ghana\Finland\Libya\Central African Republic\Mauritius\Liechtenstein\Belarus\Antigua And Barbuda\Poland\Russia\Bulgaria\United States\Romania\Angola\Chad\South Africa\Cyprus\Sweden\Qatar\Malaysia\Austria\Latvia\Uganda\Niger\Brazil\San Marino\Guinea\Panama\Mali\Costa Rica\Luxembourg\Andorra\Ireland\Nigeria\Ecuador\Czech Republic\Brunei\Australia\Iran\Algeria\Slovenia\El Salvador\Jordan\Chile\Belgium\Haiti\Belize\Sierra Leone\Georgia\Mexico\Denmark\Philippines\Sao Tome And Principe\Moldova\Morocco\Croatia\Mongolia\Thailand\Switzerland\Grenada\Korea\North\Iraq\Portugal\Estonia\Equatorial Guinea\Lebanon\Korea\South\Uzbekistan\Tunisia\Djibouti\Spain\Colombia\Burundi\Fiji\Barbados\Hungary\Italy\Bhutan\Sudan\Nepal\Malta\Netherlands\Bosnia And Herzegovina\Suriname\Venezuela\Israel\Indonesia\Iceland\Zambia\Mozambique\Papua New Guinea\Zimbabwe\Germany\Kazakhstan\u""Cote DIvoire""\Eritrea\Kyrgyzstan\Macedonia\Sri Lanka\Guyana\Syria\Burma\Honduras\Egypt\Nicaragua\Singapore\Serbia\Botswana\United Kingdom\Trinidad And Tobago\Gambia\The\Greece\Paraguay\Namibia\Comoros",190,6882632050,21370549,20944,235.67222303463532,70675.82780162,64146.871716999995,1.3362216603999999E8
WMO,World Meteorological Organization,1947-10-11,POINT(6.15 46.2),6.15,"46.2, 6.15",46.2,Geneva,"Canada\Micronesia\Federated States Of\Guinea-Bissa\Lithuania\Cambodia\Ethiopia\Swaziland\Argentina\Bolivia\Bahamas\The\Burkina Faso\Turkmenistan\Bahrain\Saudi Arabia\Rwanda\Congo\Republic Of The\Japan\Cape Verde\Guatemala\Kuwait\Dominica\Liberia\Maldives\Pakistan\Oman\Tanzania\Vietnam\Gabon\Niue\Monaco\Senegal\New Zealand\Yemen\Jamaica\Albania\Samoa\United Arab Emirates\Uruguay\India\Azerbaijan\Madagascar\Lesotho\Kenya\Tajikistan\Turkey\Afghanistan\Bangladesh\Mauritania\Solomon Islands\Saint Lucia\Congo\Democratic Republic Of The\Tonga\France\Slovakia\Somalia\Per\Laos\Seychelles\Norway\Malawi\Cook Islands\Benin\Cuba\Cameroon\Montenegro\Togo\China\Armenia\Dominican Republic\Ukraine\Ghana\Finland\Libya\Central African Republic\Mauritius\Belarus\Antigua And Barbuda\Poland\Russia\Bulgaria\United States\Romania\Angola\Chad\South Africa\Cyprus\Sweden\Qatar\Malaysia\Austria\Latvia\Uganda\Niger\Brazil\Guinea\Panama\Mali\Costa Rica\Luxembourg\Ireland\Nigeria\Ecuador\Czech Republic\Brunei\Australia\Iran\Algeria\Slovenia\El Salvador\Jordan\Chile\Belgium\Kiribati\Haiti\Belize\Sierra Leone\Georgia\Mexico\Denmark\Philippines\Sao Tome And Principe\Moldova\Morocco\Croatia\Mongolia\Thailand\Switzerland\Korea\North\Iraq\Portugal\Estonia\Lebanon\Korea\South\Uzbekistan\Tunisia\Djibouti\Timor-Leste\Spain\Colombia\Burundi\Fiji\Barbados\Hungary\Italy\Bhutan\Sudan\Nepal\Malta\Netherlands\Bosnia And Herzegovina\Suriname\Venezuela\Israel\Indonesia\Iceland\Zambia\Mozambique\Papua New Guinea\Zimbabwe\Germany\Vanuat\Kazakhstan\u""Cote DIvoire""\Eritrea\Kyrgyzstan\Macedonia\Sri Lanka\Guyana\Syria\Burma\Honduras\Egypt\Nicaragua\Singapore\Serbia\Botswana\United Kingdom\Trinidad And Tobago\Gambia\The\Greece\Paraguay\Namibia\Comoros",190,6883742815,21370559,20944,236.01593641149785,70232.86655662,63391.596169,1.336503996E8
WToO,World Tourism Organization,1975-01-02,POINT(-3.691944444 40.418888888),-3.6919444439999998,"40.418888888, -3.691944444",40.418888888000005,Madrid,,0,0,0,0,0.0,0.0,0.0,0.0
WTrO,World Trade Organization,1994-04-15,POINT(6.14967 46.2239),6.1496699999999995,"46.2239, 6.14967",46.2239,Centre William Rappard,,0,0,0,0,0.0,0.0,0.0,0.0
ZC,Zangger Committee,,POINT(16.373064 48.20833),16.373064000000003,"48.20833, 16.373064",48.20833,Vienna,Canada\Argentina\Japan\European Union\Turkey\France\Slovakia\Norway\China\Ukraine\Finland\Poland\Russia\Bulgaria\United States\Romania\South Africa\Sweden\Austria\Luxembourg\Ireland\Czech Republic\Australia\Slovenia\Belgium\Denmark\Croatia\Switzerland\Portugal\Korea\South\Spain\Hungary\Italy\Netherlands\Germany\Kazakhstan\United Kingdom\Greece,39,3253542476,10251058,421,52.15793603353228,11768.409581499998,11083.0264538,7.1729742E7
